"2025-01-01T02:00:00+00:00",9.47,12.66,227.04,22.66,2.82,228.19,5.38,24.14,253.86,0.26,9.9
"2025-01-01T03:00:00+00:00",9.47,12.76,227.17,22.89,2.85,228.22,5.41,24.14,253.78,0.26,9.88
"2025-01-01T04:00:00+00:00",9.47,13.02,226.5,23.29,2.91,229.08,5.49,24.14,253.26,0.25,9.92
"2025-01-01T06:00:00+00:00",9.48,13.85,226.28,25.08,3.04,230.8,5.64,24.14,253.16,0.24,10.29
"2025-01-01T07:00:00+00:00",9.48,14.04,226.2,25.42,3.14,231.83,5.72,24.13,252.56,0.23,10.78
"2025-01-01T09:00:00+00:00",9.49,14.43,226.05,27.67,3.33,233.89,5.88,24.13,254.88,0.23,11.49
"2025-01-01T10:00:00+00:00",9.5,14.72,226.84,28.75,3.48,234.19,5.99,20.09,255.39,0.24,11.32
"2025-01-01T12:00:00+00:00",9.51,15.29,228.42,28.84,3.82,235.84,6.3,12.01,257.05,0.26,11.54
"2025-01-01T13:00:00+00:00",9.52,12.92,248.18,28.9,3.98,236.91,6.36,11.27,257.29,0.27,11.61
"2025-01-01T15:00:00+00:00",9.56,8.17,287.71,22.57,4.29,239.06,6.48,9.78,260.05,0.19,11.51
"2025-01-01T16:00:00+00:00",9.55,7.21,276.83,12.43,3.91,239.56,6.55,8.8,253.95,0.13,8.71
"2025-01-01T18:00:00+00:00",9.54,5.28,255.07,11.37,3.14,240.56,6.7,6.83,255.17,0.08,7.08
"2025-01-01T19:00:00+00:00",9.54,5.48,253.72,10.86,2.9,242.52,6.45,12.6,256.06,0.06,6.8
"2025-01-01T21:00:00+00:00",9.53,5.87,251.03,11.0,2.43,246.43,5.96,24.13,263.0,0.06,7.64
"2025-01-01T22:00:00+00:00",9.53,5.61,258.34,10.73,2.28,247.15,5.85,24.13,260.19,0.07,7.72
"2025-01-02T01:00:00+00:00",9.51,4.7,289.01,6.82,1.86,249.59,5.55,24.14,265.31,0.04,6.98
"2025-01-02T02:00:00+00:00",9.5,4.3,305.06,5.45,1.75,250.58,5.46,24.14,336.89,0.01,6.4
"2025-01-02T03:00:00+00:00",9.49,3.9,321.1,5.4,1.63,251.57,5.37,24.14,34.41,0.04,5.93
"2025-01-02T04:00:00+00:00",9.48,4.41,336.4,5.67,1.54,252.53,5.3,24.14,61.79,0.05,5.53
"2025-01-02T06:00:00+00:00",9.46,2.93,357.35,5.78,1.35,254.44,5.17,24.13,70.22,0.11,4.94
"2025-01-02T07:00:00+00:00",9.44,3.24,356.71,6.94,1.29,255.66,5.1,24.13,67.82,0.12,4.63
"2025-01-02T09:00:00+00:00",9.41,3.87,355.42,9.58,1.18,258.1,4.96,24.13,63.48,0.14,3.67
"2025-01-02T10:00:00+00:00",9.41,4.28,356.46,9.74,1.14,259.12,4.9,24.14,64.65,0.15,3.54
"2025-01-02T12:00:00+00:00",9.4,5.09,358.55,9.59,1.07,263.53,4.66,24.14,63.57,0.15,3.91
"2025-01-02T13:00:00+00:00",9.39,4.93,354.16,9.75,1.04,264.86,4.57,24.14,62.5,0.16,4.22
"2025-01-02T15:00:00+00:00",9.44,4.6,345.39,9.44,0.99,267.52,4.38,24.14,61.07,0.12,4.22
"2025-01-02T16:00:00+00:00",9.41,3.99,339.96,9.01,0.98,270.42,4.28,24.14,60.35,0.12,3.74
"2025-01-02T18:00:00+00:00",9.36,2.78,329.09,7.98,0.95,276.23,4.07,24.14,64.03,0.13,2.6
"2025-01-02T19:00:00+00:00",9.34,2.77,323.55,7.58,0.93,277.23,4.04,24.14,65.09,0.13,2.33
"2025-01-02T21:00:00+00:00",9.29,2.76,312.48,7.12,0.89,279.23,3.98,24.13,66.31,0.12,1.88
"2025-01-02T22:00:00+00:00",9.27,2.61,310.46,6.63,0.87,279.23,3.94,24.13,68.38,0.12,1.87
"2025-01-03T01:00:00+00:00",9.22,2.34,304.43,6.59,0.8,278.6,3.86,24.13,70.51,0.1,1.88
"2025-01-03T02:00:00+00:00",9.2,2.37,302.44,6.37,0.78,277.98,3.84,24.14,72.4,0.1,1.76
"2025-01-03T03:00:00+00:00",9.19,2.39,300.45,6.35,0.76,277.36,3.83,24.14,73.7,0.09,1.63
"2025-01-03T04:00:00+00:00",9.17,2.36,296.94,6.28,0.74,276.7,3.82,24.14,72.03,0.08,1.52
"2025-01-03T06:00:00+00:00",9.14,2.31,282.42,5.42,0.71,275.37,3.79,24.13,73.24,0.07,1.51
"2025-01-03T07:00:00+00:00",9.13,2.35,279.49,5.1,0.69,274.47,3.79,24.14,74.08,0.07,1.7
"2025-01-03T09:00:00+00:00",9.12,2.44,273.64,5.9,0.66,272.68,3.78,24.14,67.88,0.05,1.41
"2025-01-03T10:00:00+00:00",9.12,3.27,278.59,6.52,0.64,270.8,3.82,24.14,67.08,0.04,1.95
"2025-01-03T12:00:00+00:00",9.14,4.94,288.5,7.35,0.67,271.93,3.59,24.14,75.18,0.02,2.94
"2025-01-03T13:00:00+00:00",9.14,4.42,284.3,7.36,0.66,271.07,3.6,24.14,77.93,0.02,3.4
"2025-01-03T15:00:00+00:00",9.13,3.39,275.89,6.16,0.63,269.34,3.62,24.14,77.56,0.04,3.62
"2025-01-03T16:00:00+00:00",9.11,2.93,283.36,5.17,0.61,267.82,3.67,24.14,72.79,0.05,3.26
"2025-01-03T18:00:00+00:00",9.08,2.0,298.29,4.4,0.57,264.77,3.78,24.14,59.07,0.06,3.54
"2025-01-03T19:00:00+00:00",9.06,1.68,300.09,4.23,0.55,262.7,3.99,24.14,54.7,0.06,3.33
"2025-01-03T21:00:00+00:00",9.02,1.04,303.7,2.91,0.51,258.55,4.4,24.13,53.24,0.06,3.15
"2025-01-03T22:00:00+00:00",9.0,0.89,271.75,2.54,0.5,256.72,4.82,24.13,52.05,0.07,3.13
"2025-01-04T01:00:00+00:00",8.93,0.76,190.78,1.66,0.48,252.17,6.02,24.14,54.4,0.06,2.85
"2025-01-04T02:00:00+00:00",8.92,0.93,173.71,2.01,0.47,251.29,6.39,24.14,54.47,0.05,3.25
"2025-01-04T03:00:00+00:00",8.91,1.1,156.64,3.18,0.47,250.41,6.76,24.14,54.88,0.04,3.65
"2025-01-04T04:00:00+00:00",8.9,1.26,137.51,3.32,0.47,249.98,7.06,24.13,61.6,0.03,3.36
"2025-01-04T06:00:00+00:00",8.85,1.27,99.93,4.28,0.48,249.11,7.67,24.13,81.16,0.04,2.88
"2025-01-04T07:00:00+00:00",8.85,1.76,115.92,4.64,0.5,246.63,6.21,24.13,90.71,0.04,2.92
"2025-01-04T09:00:00+00:00",8.87,2.73,147.9,8.96,0.54,241.68,3.3,24.14,106.03,0.06,5.12
"2025-01-04T10:00:00+00:00",8.88,3.36,152.19,8.84,0.57,232.64,3.3,24.14,111.65,0.06,5.34
"2025-01-04T12:00:00+00:00",8.92,4.63,160.77,10.92,0.85,192.51,3.44,24.14,160.07,0.02,5.31
"2025-01-04T13:00:00+00:00",8.93,4.62,152.34,11.07,0.89,184.74,3.48,24.14,196.44,0.02,5.06
"2025-01-04T15:00:00+00:00",8.96,4.61,135.48,11.63,0.97,169.19,3.55,24.13,220.52,0.04,4.84
"2025-01-04T16:00:00+00:00",8.95,5.07,131.95,12.79,1.02,162.31,3.6,21.19,216.5,0.03,4.85
"2025-01-04T18:00:00+00:00",8.93,6.0,124.9,14.26,1.13,148.55,3.7,15.29,145.25,0.03,4.95
"2025-01-04T19:00:00+00:00",8.92,5.86,122.19,14.52,1.22,144.23,3.77,10.23,111.28,0.04,4.78
"2025-01-04T21:00:00+00:00",8.89,5.57,116.78,16.88,1.39,135.59,3.91,0.1,87.21,0.08,3.2
"2025-01-04T22:00:00+00:00",8.88,5.99,120.74,17.77,1.41,137.26,3.97,0.27,87.04,0.09,3.65
"2025-01-05T02:00:00+00:00",8.85,3.88,117.01,12.24,1.51,164.08,3.95,0.34,109.92,0.05,5.68
"2025-01-05T03:00:00+00:00",8.85,2.41,111.19,9.66,1.53,175.81,3.89,0.21,245.84,0.03,6.61
"2025-01-05T04:00:00+00:00",8.86,4.7,148.22,18.46,1.67,189.12,4.12,0.33,269.63,0.1,8.93
"2025-01-05T06:00:00+00:00",8.87,9.65,221.57,19.69,1.94,215.73,4.57,0.28,255.34,0.15,11.43
"2025-01-05T07:00:00+00:00",8.88,9.8,218.76,20.16,2.28,220.51,4.87,0.47,257.64,0.16,11.44
"2025-01-05T09:00:00+00:00",8.88,10.09,213.13,22.2,2.96,230.07,5.48,0.83,260.12,0.2,11.52
"2025-01-05T10:00:00+00:00",8.89,10.21,215.62,21.84,3.11,230.77,5.66,1.29,258.23,0.22,11.54
"2025-01-05T12:00:00+00:00",8.9,10.45,220.6,22.06,3.5,232.69,6.12,2.2,260.04,0.23,11.54
"2025-01-05T13:00:00+00:00",8.91,10.47,221.19,21.58,3.43,232.6,6.12,9.51,256.73,0.23,11.53
"2025-01-05T15:00:00+00:00",8.9,10.51,222.37,19.92,3.3,232.43,6.13,24.13,253.62,0.22,11.76
"2025-01-05T16:00:00+00:00",8.91,10.63,217.19,17.38,3.2,231.37,6.05,22.99,253.29,0.21,11.78
"2025-01-05T18:00:00+00:00",8.92,10.87,206.84,20.24,3.0,229.26,5.88,20.7,253.85,0.2,11.69
"2025-01-05T19:00:00+00:00",8.93,11.18,203.15,19.4,2.93,227.81,5.79,21.85,254.44,0.2,11.63
"2025-01-05T21:00:00+00:00",8.94,11.8,195.76,21.43,2.78,224.91,5.61,24.13,256.12,0.21,11.69
"2025-01-05T22:00:00+00:00",8.94,11.96,196.54,21.22,2.79,223.41,5.58,24.13,255.12,0.21,11.66
"2025-01-06T02:00:00+00:00",8.97,12.12,195.53,22.62,2.89,219.02,5.62,24.13,253.29,0.23,11.18
"2025-01-06T03:00:00+00:00",8.98,12.04,194.24,23.17,2.92,218.32,5.66,24.13,253.61,0.22,11.21
"2025-01-06T04:00:00+00:00",8.98,12.49,193.65,23.72,2.99,217.47,5.7,24.13,256.06,0.21,11.22
"2025-01-06T06:00:00+00:00",8.98,14.67,198.74,25.32,3.14,215.78,5.77,24.13,267.09,0.14,11.17
"2025-01-06T07:00:00+00:00",8.97,12.71,224.0,26.18,3.12,221.41,5.81,24.13,267.31,0.12,10.98
"2025-01-06T09:00:00+00:00",8.94,8.79,274.51,18.87,3.07,232.66,5.9,24.14,263.86,0.12,7.48
"2025-01-06T10:00:00+00:00",8.93,9.04,274.49,18.85,3.14,240.27,5.86,24.14,257.55,0.14,4.99
"2025-01-06T12:00:00+00:00",8.93,9.54,274.46,20.85,3.35,254.58,5.97,24.14,254.04,0.16,5.36
"2025-01-06T13:00:00+00:00",8.93,9.25,270.07,17.75,3.23,255.46,5.95,24.14,248.6,0.16,6.17
"2025-01-06T15:00:00+00:00",8.93,8.68,261.28,14.62,2.98,257.22,5.9,24.14,250.63,0.23,6.72
"2025-01-06T16:00:00+00:00",8.93,7.76,258.72,13.43,2.82,256.39,5.82,24.14,251.98,0.22,6.23
"2025-01-06T18:00:00+00:00",8.91,5.93,253.61,9.48,2.5,254.72,5.67,24.14,250.14,0.17,5.75
"2025-01-06T19:00:00+00:00",8.9,5.61,255.77,9.15,2.34,254.22,5.51,24.14,249.12,0.14,5.45
"2025-01-06T21:00:00+00:00",8.88,4.98,260.1,8.38,2.02,253.22,5.18,24.14,254.35,0.11,4.69
"2025-01-06T22:00:00+00:00",8.87,5.08,263.11,9.11,1.97,254.66,5.03,24.14,253.41,0.11,4.43
"2025-01-07T01:00:00+00:00",8.82,5.18,267.73,10.53,1.95,257.56,4.8,24.13,260.19,0.15,3.12
"2025-01-07T02:00:00+00:00",8.79,5.06,266.33,11.65,2.01,257.59,4.87,24.13,257.01,0.15,3.03
"2025-01-07T03:00:00+00:00",8.77,4.95,264.92,12.24,2.08,257.62,4.95,24.13,258.7,0.14,3.08
"2025-01-07T04:00:00+00:00",8.75,5.48,259.99,12.19,2.2,256.74,5.07,24.13,260.33,0.15,3.18
"2025-01-07T06:00:00+00:00",8.69,4.44,248.73,13.63,2.43,254.97,5.32,24.14,262.1,0.15,3.25
"2025-01-07T07:00:00+00:00",8.66,4.74,245.68,13.92,2.52,255.2,5.36,23.96,260.08,0.16,3.68
"2025-01-07T09:00:00+00:00",8.61,5.35,239.59,15.52,2.7,255.66,5.45,23.61,260.15,0.14,5.04
"2025-01-07T10:00:00+00:00",8.6,6.11,253.2,15.66,2.66,255.97,5.51,23.79,257.5,0.13,5.8
"2025-01-07T12:00:00+00:00",8.58,7.64,280.41,13.5,2.56,256.11,5.52,24.14,257.79,0.11,5.2
"2025-01-07T13:00:00+00:00",8.58,6.91,279.49,13.45,2.45,256.61,5.48,24.14,259.35,0.11,5.83
"2025-01-07T16:00:00+00:00",8.53,4.92,271.99,10.05,2.13,257.28,5.29,24.14,257.4,0.11,5.71
"2025-01-07T18:00:00+00:00",8.49,3.87,260.66,8.0,1.93,256.59,5.1,24.13,258.77,0.11,4.98
"2025-01-07T19:00:00+00:00",8.47,3.69,258.67,7.71,1.83,256.67,4.99,24.14,258.83,0.11,4.44
"2025-01-07T21:00:00+00:00",8.42,3.33,254.7,7.33,1.64,256.83,4.77,24.14,257.67,0.1,3.9
"2025-01-07T22:00:00+00:00",8.41,3.2,255.88,7.0,1.56,257.94,4.63,24.14,256.73,0.1,3.4
"2025-01-08T01:00:00+00:00",8.48,2.54,266.4,5.45,1.32,260.0,4.32,24.13,284.19,0.05,2.84
"2025-01-08T02:00:00+00:00",8.47,2.16,274.56,5.16,1.24,259.83,4.3,24.14,280.28,0.04,2.78
"2025-01-08T03:00:00+00:00",8.45,1.77,282.71,4.69,1.16,259.67,4.27,24.14,285.9,0.03,2.63
"2025-01-08T04:00:00+00:00",8.43,1.47,287.2,4.13,1.08,258.67,4.28,24.14,311.21,0.02,2.76
"2025-01-08T06:00:00+00:00",8.39,0.92,292.96,3.66,0.92,256.66,4.29,24.14,54.37,0.03,2.62
"2025-01-08T07:00:00+00:00",8.38,1.11,340.33,3.55,0.86,255.73,4.35,24.14,69.09,0.05,2.59
"2025-01-08T09:00:00+00:00",8.39,1.48,75.07,4.92,0.74,253.87,4.48,24.14,76.89,0.08,3.0
"2025-01-08T10:00:00+00:00",8.41,1.97,81.18,6.26,0.7,253.17,4.29,24.14,79.59,0.09,3.37
"2025-01-08T12:00:00+00:00",8.44,2.95,93.4,8.57,0.61,251.76,3.9,24.14,70.52,0.11,4.06
"2025-01-08T13:00:00+00:00",8.44,3.5,88.05,8.79,0.64,232.55,3.66,16.6,69.2,0.12,4.32
"2025-01-08T15:00:00+00:00",8.44,4.61,77.36,11.57,0.71,194.13,3.17,1.52,71.08,0.12,4.49
"2025-01-08T16:00:00+00:00",8.43,4.86,71.83,12.2,0.76,170.83,3.2,1.05,68.37,0.13,3.59
"2025-01-08T18:00:00+00:00",8.42,5.35,60.77,11.93,0.86,124.23,3.25,0.09,69.2,0.14,1.55
"2025-01-08T19:00:00+00:00",8.41,5.34,56.17,12.92,0.89,116.32,3.32,8.11,71.22,0.13,1.59
"2025-01-08T21:00:00+00:00",8.39,5.33,46.98,13.98,0.96,100.51,3.47,24.14,68.8,0.13,2.14
"2025-01-08T22:00:00+00:00",8.38,4.82,43.14,13.99,0.96,101.84,3.51,16.21,70.34,0.13,2.11
"2025-01-09T02:00:00+00:00",8.34,4.41,20.54,10.9,0.93,114.99,3.68,0.16,72.1,0.09,1.99
"2025-01-09T03:00:00+00:00",8.33,4.71,13.08,9.74,0.92,120.23,3.72,0.07,75.45,0.08,2.01
"2025-01-09T04:00:00+00:00",8.33,4.96,6.11,11.27,0.93,159.26,3.86,8.09,73.96,0.06,1.61
"2025-01-09T06:00:00+00:00",8.31,5.98,13.94,10.38,0.94,237.33,4.14,20.33,86.74,0.04,1.69
"2025-01-09T07:00:00+00:00",8.3,5.44,0.46,8.94,0.95,240.78,4.53,21.6,86.24,0.04,1.68
"2025-01-09T09:00:00+00:00",8.28,4.36,333.5,9.61,0.96,247.67,5.31,24.14,77.3,0.04,1.44
"2025-01-09T10:00:00+00:00",8.28,4.48,322.23,9.57,0.98,248.39,5.56,24.14,72.66,0.04,1.5
"2025-01-09T12:00:00+00:00",8.29,4.73,299.69,9.1,1.22,282.66,4.54,24.14,55.01,0.04,2.56
"2025-01-09T13:00:00+00:00",8.29,4.67,290.14,8.88,1.22,277.65,4.53,24.14,34.52,0.03,3.01
"2025-01-09T15:00:00+00:00",8.62,4.54,271.05,9.24,1.22,267.62,4.5,24.13,311.24,0.02,3.21
"2025-01-09T16:00:00+00:00",8.6,4.03,268.14,8.78,1.26,267.35,4.53,24.13,288.99,0.03,2.93
"2025-01-09T18:00:00+00:00",8.57,3.02,262.33,7.93,1.35,266.8,4.58,24.13,295.93,0.03,3.15
"2025-01-09T19:00:00+00:00",8.55,2.85,266.36,7.54,1.36,265.21,4.71,24.13,299.39,0.03,3.01
"2025-01-09T21:00:00+00:00",8.52,2.51,274.43,6.24,1.37,262.03,4.98,24.13,337.76,0.02,2.78
"2025-01-09T22:00:00+00:00",8.49,2.13,281.59,5.06,1.35,260.23,5.21,24.13,8.16,0.02,2.68
"2025-01-10T01:00:00+00:00",8.42,1.12,303.02,3.19,1.27,255.4,6.0,24.14,59.15,0.06,2.53
"2025-01-10T02:00:00+00:00",8.41,0.87,310.12,3.06,1.25,254.19,6.33,24.14,64.87,0.07,2.36
"2025-01-10T03:00:00+00:00",8.39,0.62,317.23,3.12,1.22,252.97,6.67,24.13,70.6,0.08,2.2
"2025-01-10T04:00:00+00:00",8.39,0.78,2.86,3.12,1.19,252.53,7.01,24.13,75.19,0.09,2.17
"2025-01-10T06:00:00+00:00",8.39,0.77,77.42,4.22,1.13,251.65,7.7,24.14,80.11,0.11,2.29
"2025-01-10T07:00:00+00:00",8.39,1.06,72.8,5.15,1.1,251.49,7.9,24.14,79.42,0.13,2.47
"2025-01-10T09:00:00+00:00",8.41,1.63,63.55,5.48,1.03,251.16,8.31,24.13,74.29,0.16,0.3
"2025-01-10T10:00:00+00:00",8.41,1.75,65.56,5.57,1.0,250.98,7.56,24.13,72.92,0.17,0.61
"2025-01-10T12:00:00+00:00",8.41,1.98,69.59,5.16,0.97,251.02,7.15,24.13,69.88,0.17,1.71
"2025-01-10T13:00:00+00:00",8.41,2.23,64.62,5.2,0.94,251.14,6.74,24.13,69.0,0.16,2.18
"2025-01-10T15:00:00+00:00",8.39,2.72,54.69,5.48,0.87,251.37,5.93,24.14,73.75,0.13,2.71
"2025-01-10T16:00:00+00:00",8.38,2.66,55.39,5.52,0.86,251.44,5.65,24.14,73.84,0.11,2.69
"2025-01-10T18:00:00+00:00",8.37,2.54,56.8,5.15,0.83,251.59,5.09,24.13,78.14,0.11,3.19
"2025-01-10T19:00:00+00:00",8.36,2.33,58.19,4.95,0.84,251.31,5.11,24.13,77.96,0.11,2.99
"2025-01-10T21:00:00+00:00",8.34,1.92,60.98,5.07,0.85,250.75,5.16,24.14,76.64,0.1,2.72
"2025-01-10T22:00:00+00:00",8.33,1.75,57.51,4.7,0.86,250.51,5.5,24.13,79.36,0.09,2.54
"2025-01-11T01:00:00+00:00",8.3,1.38,44.68,4.88,0.9,250.07,6.52,24.13,75.9,0.07,2.03
"2025-01-11T02:00:00+00:00",8.29,1.35,38.79,4.76,0.9,250.09,6.84,24.14,79.67,0.06,1.99
"2025-01-11T03:00:00+00:00",8.29,1.33,32.9,4.58,0.91,250.12,7.17,24.14,80.06,0.05,1.94
"2025-01-11T04:00:00+00:00",8.28,1.47,34.21,4.43,0.92,250.33,7.27,24.14,76.01,0.04,1.91
"2025-01-11T06:00:00+00:00",8.27,1.74,36.83,4.53,0.93,250.74,7.47,24.14,80.11,0.05,1.36
"2025-01-11T07:00:00+00:00",8.27,1.64,23.94,4.48,0.93,250.99,7.47,24.14,76.96,0.06,1.25
"2025-01-11T09:00:00+00:00",8.25,1.71,13.84,4.89,0.94,251.48,7.47,24.14,65.82,0.08,0.33
"2025-01-11T10:00:00+00:00",8.26,1.82,5.36,5.08,0.95,251.63,7.75,24.14,60.95,0.07,0.36
"2025-01-11T12:00:00+00:00",8.26,2.04,348.4,5.62,0.96,252.06,8.03,24.14,54.55,0.06,1.02
"2025-01-11T13:00:00+00:00",8.26,1.9,352.66,5.4,0.96,252.13,8.42,24.14,55.02,0.06,1.19
"2025-01-11T15:00:00+00:00",8.2,1.62,1.19,5.16,0.97,252.26,9.2,24.13,72.95,0.07,1.3
"2025-01-11T16:00:00+00:00",8.18,1.65,354.61,5.08,0.97,252.34,9.4,24.13,78.56,0.07,1.23
"2025-01-11T18:00:00+00:00",8.15,1.7,341.45,3.99,0.96,252.51,9.81,24.14,71.39,0.07,2.41
"2025-01-11T19:00:00+00:00",8.13,1.61,354.02,4.04,0.95,252.58,9.72,24.14,73.61,0.07,2.08
"2025-01-11T21:00:00+00:00",8.11,1.44,19.15,3.78,0.93,252.72,9.54,24.13,77.41,0.08,1.59
"2025-01-11T22:00:00+00:00",8.1,1.31,18.24,3.88,0.92,252.76,9.39,24.13,76.82,0.09,1.56
"2025-01-12T02:00:00+00:00",8.07,1.05,1.8,3.83,0.88,252.82,9.33,24.13,83.02,0.07,1.67
"2025-01-12T03:00:00+00:00",8.06,1.06,354.5,3.74,0.87,252.81,9.44,24.13,86.43,0.07,1.73
"2025-01-12T04:00:00+00:00",8.06,1.04,359.86,3.52,0.86,252.78,9.5,24.13,88.6,0.07,1.68
"2025-01-12T06:00:00+00:00",8.06,1.02,33.63,3.37,0.84,252.72,9.61,24.13,86.96,0.09,1.72
"2025-01-12T07:00:00+00:00",8.06,0.99,46.56,3.84,0.83,252.69,9.6,24.13,86.73,0.1,1.81
"2025-01-12T09:00:00+00:00",8.07,0.93,72.43,3.65,0.81,252.64,9.59,24.13,89.5,0.1,0.54
"2025-01-12T10:00:00+00:00",8.08,0.97,106.6,3.72,0.8,252.64,9.59,24.13,91.63,0.1,1.5
"2025-01-12T12:00:00+00:00",8.12,1.05,174.95,2.97,0.79,252.65,9.65,24.13,100.1,0.08,4.14
"2025-01-12T13:00:00+00:00",8.13,0.94,181.12,3.05,0.78,252.64,9.56,24.13,109.45,0.07,4.77
"2025-01-12T15:00:00+00:00",8.11,0.73,193.45,3.01,0.76,252.61,9.39,24.14,137.57,0.05,5.08
"2025-01-12T16:00:00+00:00",8.09,0.87,165.75,2.57,0.75,252.57,9.27,24.13,142.89,0.05,5.01
"2025-01-12T18:00:00+00:00",8.03,1.14,110.35,3.02,0.72,252.49,9.04,24.13,135.85,0.03,4.31
"2025-01-12T19:00:00+00:00",8.0,1.3,120.52,3.06,0.71,252.41,8.85,24.13,116.77,0.03,4.59
"2025-01-12T21:00:00+00:00",8.01,1.61,140.86,4.17,0.68,252.26,8.47,24.14,109.64,0.04,5.73
"2025-01-12T22:00:00+00:00",8.01,1.61,143.07,4.64,0.67,252.16,8.25,24.14,122.99,0.03,6.22
"2025-01-13T02:00:00+00:00",8.03,1.52,167.07,6.4,0.62,251.76,7.25,24.14,230.98,0.06,6.59
"2025-01-13T03:00:00+00:00",8.04,1.48,176.86,6.49,0.61,251.65,6.97,24.13,233.95,0.07,6.53
"2025-01-13T04:00:00+00:00",8.07,1.43,182.28,7.18,0.6,251.42,6.68,24.14,234.78,0.08,6.52
"2025-01-13T06:00:00+00:00",8.09,2.43,184.78,7.49,0.59,250.96,6.11,24.13,238.66,0.08,6.49
"2025-01-13T07:00:00+00:00",8.09,2.52,184.17,7.53,0.6,249.46,5.43,24.13,241.23,0.09,6.3
"2025-01-13T09:00:00+00:00",8.09,2.71,182.95,7.5,0.62,246.47,4.07,24.13,244.73,0.1,5.82
"2025-01-13T10:00:00+00:00",8.1,3.15,185.45,7.97,0.63,245.97,4.17,24.13,245.92,0.11,6.07
"2025-01-13T12:00:00+00:00",8.13,4.02,190.44,8.16,0.71,246.3,4.4,24.14,245.87,0.13,6.32
"2025-01-13T13:00:00+00:00",8.14,3.6,195.59,8.07,0.72,246.91,4.57,24.13,245.77,0.13,6.39
"2025-01-13T15:00:00+00:00",8.16,2.76,205.9,6.97,0.74,248.12,4.9,24.13,243.37,0.15,5.97
"2025-01-13T16:00:00+00:00",8.15,2.42,210.63,6.41,0.75,248.78,5.16,24.13,242.02,0.14,5.86
"2025-01-13T18:00:00+00:00",8.14,1.75,220.1,6.2,0.77,250.1,5.69,24.14,242.14,0.13,5.7
"2025-01-13T19:00:00+00:00",8.14,1.91,222.6,6.15,0.79,250.48,5.83,24.14,242.35,0.12,5.66
"2025-01-13T21:00:00+00:00",8.14,2.23,227.6,6.03,0.82,251.24,6.11,24.14,240.08,0.11,5.91
"2025-01-13T22:00:00+00:00",8.13,2.3,227.98,6.23,0.84,251.16,5.92,24.14,241.14,0.1,5.99
"2025-01-14T01:00:00+00:00",8.12,2.38,232.42,5.5,0.89,251.01,5.58,24.13,247.8,0.09,6.12
"2025-01-14T02:00:00+00:00",8.11,2.32,236.11,5.43,0.91,251.02,5.63,24.13,254.13,0.09,6.27
"2025-01-14T03:00:00+00:00",8.1,2.25,239.79,5.38,0.92,251.03,5.68,24.13,256.3,0.1,6.22
"2025-01-14T04:00:00+00:00",8.09,2.47,238.3,5.05,0.93,251.07,5.7,24.14,256.02,0.1,6.33
"2025-01-14T06:00:00+00:00",8.08,2.43,241.28,2.98,0.95,251.15,5.74,24.13,260.32,0.08,6.06
"2025-01-14T07:00:00+00:00",8.06,2.59,243.11,3.51,0.95,251.18,5.84,24.13,260.56,0.07,6.42
"2025-01-14T09:00:00+00:00",8.06,2.92,246.77,3.55,0.95,251.23,6.05,24.13,262.55,0.06,6.57
"2025-01-14T10:00:00+00:00",8.07,3.02,246.89,4.02,0.96,251.35,5.87,24.13,269.65,0.06,7.17
"2025-01-14T12:00:00+00:00",8.09,3.23,247.13,6.44,0.97,251.59,5.51,24.14,284.34,0.04,8.3
"2025-01-14T13:00:00+00:00",8.1,2.93,245.74,6.65,0.97,250.99,5.39,24.14,285.7,0.03,8.6
"2025-01-14T15:00:00+00:00",8.12,2.34,242.96,6.0,0.97,249.8,5.14,24.14,280.8,0.05,8.56
"2025-01-14T16:00:00+00:00",8.1,2.28,251.09,4.73,0.97,250.45,5.08,24.14,282.81,0.05,8.43
"2025-01-14T18:00:00+00:00",8.06,2.17,267.34,3.04,0.96,251.74,4.96,24.14,316.11,0.04,8.3
"2025-01-14T19:00:00+00:00",8.04,2.01,274.6,3.08,0.95,252.05,5.04,24.14,348.46,0.04,8.29
"2025-01-14T21:00:00+00:00",8.0,1.68,289.11,2.92,0.93,252.67,5.2,24.14,32.05,0.08,8.13
"2025-01-14T22:00:00+00:00",7.98,1.61,288.73,2.5,0.91,252.58,5.42,24.14,42.8,0.1,8.0
"2025-01-15T01:00:00+00:00",7.89,1.42,296.55,3.29,0.87,252.34,6.12,24.14,54.76,0.15,7.76
"2025-01-15T02:00:00+00:00",7.86,1.37,305.13,2.92,0.85,252.29,6.38,24.14,58.69,0.15,7.55
"2025-01-15T03:00:00+00:00",7.84,1.32,313.71,2.23,0.84,252.24,6.63,24.14,62.14,0.15,7.18
"2025-01-15T04:00:00+00:00",7.83,1.41,318.7,2.55,0.83,252.25,6.88,24.14,64.93,0.16,6.85
"2025-01-15T06:00:00+00:00",7.8,1.37,329.96,3.52,0.81,252.28,7.38,24.13,72.3,0.16,7.09
"2025-01-15T07:00:00+00:00",7.78,1.47,335.79,3.43,0.8,252.3,7.6,24.13,76.47,0.17,7.57
"2025-01-15T09:00:00+00:00",7.78,1.67,347.46,2.58,0.77,252.35,8.03,24.13,82.71,0.16,8.11
"2025-01-15T10:00:00+00:00",7.81,1.44,342.3,2.72,0.76,252.36,8.18,24.13,83.91,0.14,8.46
"2025-01-15T12:00:00+00:00",7.9,0.97,331.97,2.69,0.78,252.31,7.59,24.13,82.34,0.11,9.15
"2025-01-15T13:00:00+00:00",7.95,1.04,328.81,2.5,0.77,252.3,7.86,24.13,81.75,0.09,9.47
"2025-01-15T15:00:00+00:00",8.18,1.18,322.49,1.4,0.74,252.28,8.41,24.13,145.09,0.06,9.85
"2025-01-15T16:00:00+00:00",8.19,1.13,310.24,1.54,0.73,252.28,8.55,24.13,169.46,0.04,9.6
"2025-01-15T18:00:00+00:00",8.18,1.03,285.74,1.17,0.7,252.27,8.82,24.14,354.57,0.02,8.35
"2025-01-15T19:00:00+00:00",8.16,0.76,325.74,1.12,0.69,252.28,8.87,24.14,15.98,0.05,8.19
"2025-01-15T21:00:00+00:00",8.11,0.21,45.75,0.49,0.67,252.29,8.96,24.14,34.4,0.12,8.11
"2025-01-15T22:00:00+00:00",8.08,0.57,81.84,0.57,0.66,252.33,9.03,24.14,40.81,0.15,8.15
"2025-01-16T01:00:00+00:00",8.0,1.38,150.94,1.92,0.65,252.5,9.36,24.14,58.77,0.17,7.75
"2025-01-16T02:00:00+00:00",7.99,1.48,147.84,2.09,0.65,252.59,9.56,24.14,63.98,0.16,7.47
"2025-01-16T03:00:00+00:00",7.98,1.58,144.75,2.0,0.65,252.68,9.76,24.14,66.78,0.14,7.32
"2025-01-16T04:00:00+00:00",7.98,1.29,156.51,2.15,0.66,252.78,9.93,24.14,67.01,0.12,7.21
"2025-01-16T06:00:00+00:00",7.99,0.91,150.75,2.43,0.68,252.98,10.27,24.14,61.81,0.11,7.24
"2025-01-16T07:00:00+00:00",7.98,0.99,143.08,2.62,0.69,253.07,10.23,24.14,62.81,0.13,7.0
"2025-01-16T09:00:00+00:00",8.02,1.14,127.73,3.28,0.71,253.24,10.14,24.13,90.17,0.16,7.48
"2025-01-16T10:00:00+00:00",8.08,1.64,140.83,4.38,0.73,252.19,8.61,24.14,98.91,0.15,8.23
"2025-01-16T12:00:00+00:00",8.16,2.64,167.03,6.5,0.85,252.93,6.97,24.14,108.04,0.13,8.58
"2025-01-16T13:00:00+00:00",8.19,2.75,167.83,6.52,0.86,252.26,6.96,24.14,113.5,0.12,8.37
"2025-01-16T15:00:00+00:00",8.29,2.98,169.42,5.45,0.88,250.93,6.95,24.14,145.14,0.08,8.01
"2025-01-16T16:00:00+00:00",8.29,2.77,159.31,4.51,0.87,251.11,7.14,24.14,154.01,0.07,7.68
"2025-01-16T18:00:00+00:00",8.28,2.36,139.08,5.26,0.85,251.48,7.53,24.13,146.7,0.03,6.78
"2025-01-16T19:00:00+00:00",8.26,2.15,138.24,4.87,0.84,251.59,7.66,24.13,118.5,0.02,6.72
"2025-01-16T21:00:00+00:00",8.21,1.72,136.55,4.99,0.82,251.8,7.93,24.13,61.37,0.03,6.68
"2025-01-16T22:00:00+00:00",8.18,1.81,139.08,5.9,0.81,251.53,7.39,24.13,50.57,0.03,6.68
"2025-01-17T01:00:00+00:00",8.09,2.06,146.54,6.09,0.8,249.62,6.02,24.14,107.26,0.01,6.25
"2025-01-17T02:00:00+00:00",8.09,2.13,148.95,5.99,0.79,248.26,5.71,24.14,171.32,0.03,6.14
"2025-01-17T03:00:00+00:00",8.07,2.21,151.35,5.91,0.79,246.89,5.41,24.14,190.41,0.04,5.93
"2025-01-17T04:00:00+00:00",8.06,1.94,159.09,5.9,0.78,246.89,5.49,24.14,203.16,0.05,5.6
"2025-01-17T06:00:00+00:00",8.03,1.98,202.02,5.11,0.76,246.9,5.66,24.14,221.02,0.05,5.32
"2025-01-17T07:00:00+00:00",8.01,1.93,188.06,4.65,0.74,247.42,5.86,24.14,233.66,0.04,5.24
"2025-01-17T09:00:00+00:00",7.97,1.83,160.15,3.15,0.71,248.45,6.27,24.13,293.39,0.02,4.9
"2025-01-17T10:00:00+00:00",7.97,2.05,170.14,3.1,0.7,248.96,6.5,24.13,346.41,0.02,4.96
"2025-01-17T12:00:00+00:00",7.97,2.49,190.12,4.46,0.73,248.23,6.38,24.13,37.81,0.04,5.32
"2025-01-17T13:00:00+00:00",7.98,2.31,189.35,4.82,0.71,248.81,6.6,24.13,56.84,0.05,5.46
"2025-01-17T15:00:00+00:00",8.06,1.95,187.81,4.76,0.68,249.96,7.05,24.14,134.62,0.02,5.35
"2025-01-17T16:00:00+00:00",8.02,1.66,176.22,4.17,0.67,250.42,7.29,24.14,138.84,0.03,5.15
"2025-01-17T18:00:00+00:00",7.93,1.08,153.05,2.88,0.65,251.35,7.77,24.14,130.57,0.03,4.79
"2025-01-17T19:00:00+00:00",7.91,1.15,143.26,3.59,0.64,251.67,7.99,24.14,122.8,0.04,4.66
"2025-01-17T21:00:00+00:00",7.89,1.28,123.69,4.71,0.63,252.31,8.44,24.13,118.85,0.07,4.21
"2025-01-17T22:00:00+00:00",7.89,1.15,117.21,4.59,0.63,252.51,8.58,24.13,115.27,0.07,3.95
"2025-01-18T01:00:00+00:00",7.86,0.93,103.93,4.41,0.62,252.91,7.89,24.13,106.71,0.08,4.2
"2025-01-18T02:00:00+00:00",7.85,0.98,103.62,4.35,0.63,252.92,6.91,24.14,99.65,0.09,4.22
"2025-01-18T03:00:00+00:00",7.84,1.02,103.31,4.27,0.63,252.92,5.94,24.14,91.36,0.1,4.14
"2025-01-18T04:00:00+00:00",7.82,1.0,99.8,4.62,0.63,251.96,5.89,24.14,85.82,0.11,4.03
"2025-01-18T06:00:00+00:00",7.79,1.24,93.77,5.91,0.64,250.05,5.78,24.13,81.52,0.14,3.61
"2025-01-18T07:00:00+00:00",7.78,1.34,90.08,5.96,0.64,250.44,5.92,24.13,79.75,0.15,3.45
"2025-01-18T09:00:00+00:00",7.77,1.53,82.69,5.56,0.63,251.21,6.2,24.14,78.26,0.14,3.41
"2025-01-18T10:00:00+00:00",7.78,1.86,82.95,5.71,0.63,251.33,6.03,24.14,79.34,0.13,3.72
"2025-01-18T12:00:00+00:00",7.82,2.51,83.47,5.61,0.69,248.33,4.69,24.14,85.4,0.08,4.0
"2025-01-18T13:00:00+00:00",7.84,2.4,89.55,5.69,0.7,246.96,4.52,24.14,93.02,0.06,3.91
"2025-01-18T15:00:00+00:00",7.91,2.18,101.7,6.41,0.72,244.23,4.19,24.14,91.08,0.06,3.4
"2025-01-18T16:00:00+00:00",7.92,2.12,97.1,6.52,0.72,241.36,4.11,24.14,95.15,0.07,3.12
"2025-01-18T18:00:00+00:00",7.94,1.99,87.9,7.04,0.73,235.61,3.96,24.13,96.81,0.1,2.88
"2025-01-18T19:00:00+00:00",7.95,1.87,84.45,7.06,0.73,234.25,3.92,24.14,93.98,0.11,3.01
"2025-01-18T21:00:00+00:00",7.97,1.64,77.54,7.55,0.72,231.53,3.85,24.14,88.29,0.12,3.52
"2025-01-18T22:00:00+00:00",7.97,1.64,94.95,7.51,0.72,231.24,3.9,24.14,87.25,0.12,3.69
"2025-01-19T01:00:00+00:00",7.96,1.78,131.44,6.79,0.71,231.16,3.97,24.14,81.89,0.08,3.65
"2025-01-19T02:00:00+00:00",7.96,1.92,133.12,7.31,0.71,231.65,3.95,24.13,82.16,0.07,3.63
"2025-01-19T03:00:00+00:00",7.95,2.06,134.8,7.64,0.71,232.15,3.92,24.13,80.98,0.06,3.59
"2025-01-19T04:00:00+00:00",7.95,2.07,134.5,7.46,0.71,232.95,3.95,24.14,75.89,0.06,3.19
"2025-01-19T06:00:00+00:00",7.93,3.58,169.8,7.32,0.71,234.55,4.02,24.13,69.58,0.06,3.76
"2025-01-19T07:00:00+00:00",7.91,3.61,170.23,7.51,0.71,235.36,4.02,24.13,69.11,0.07,3.67
"2025-01-19T09:00:00+00:00",7.9,3.67,171.1,7.35,0.71,236.97,4.02,24.13,64.1,0.07,3.54
"2025-01-19T10:00:00+00:00",7.89,3.68,174.7,7.63,0.71,237.95,4.14,24.13,62.37,0.06,3.63
"2025-01-19T12:00:00+00:00",7.88,3.7,181.9,7.5,0.75,236.05,4.05,24.14,63.61,0.03,3.61
"2025-01-19T13:00:00+00:00",7.87,3.12,192.52,7.26,0.76,237.79,4.24,24.13,63.3,0.02,3.64
"2025-01-19T15:00:00+00:00",7.87,1.95,213.75,6.34,0.77,241.28,4.61,24.13,153.35,0.01,3.75
"2025-01-19T16:00:00+00:00",7.85,1.65,181.36,5.77,0.78,243.19,4.94,24.13,115.86,0.0,3.76
"2025-01-19T18:00:00+00:00",7.77,1.06,116.59,2.31,0.8,247.01,5.59,24.13,34.42,0.04,3.66
"2025-01-19T19:00:00+00:00",7.7,1.18,123.4,2.28,0.81,248.18,6.0,24.13,48.13,0.06,3.75
"2025-01-19T21:00:00+00:00",7.6,1.42,137.01,1.32,0.83,250.53,6.82,24.14,67.52,0.08,4.24
"2025-01-19T22:00:00+00:00",7.62,1.15,184.69,0.78,0.84,250.89,6.67,24.13,72.37,0.08,4.41
"2025-01-20T01:00:00+00:00",7.59,0.73,286.21,2.94,0.88,251.59,6.58,24.13,88.73,0.04,4.1
"2025-01-20T02:00:00+00:00",7.54,0.86,292.37,3.19,0.88,251.59,6.81,24.14,90.13,0.03,3.16
"2025-01-20T03:00:00+00:00",7.49,0.99,298.53,3.52,0.89,251.58,7.03,24.14,91.47,0.02,3.19
"2025-01-20T04:00:00+00:00",7.45,0.7,326.97,3.5,0.89,251.91,7.45,24.13,94.72,0.02,3.45
"2025-01-20T06:00:00+00:00",7.4,0.48,80.58,2.61,0.89,252.56,8.29,24.14,96.8,0.03,3.77
"2025-01-20T07:00:00+00:00",7.37,0.97,103.25,2.83,0.89,252.56,8.4,24.14,94.38,0.04,4.03
"2025-01-20T09:00:00+00:00",7.36,1.94,148.6,2.26,0.88,252.56,8.62,24.13,95.2,0.06,5.35
"2025-01-20T10:00:00+00:00",7.39,2.18,160.44,3.38,0.87,252.48,8.49,24.14,103.4,0.06,5.86
"2025-01-20T12:00:00+00:00",7.53,2.65,184.13,5.42,0.86,252.91,8.26,24.14,143.92,0.04,6.93
"2025-01-20T13:00:00+00:00",7.62,2.53,191.42,5.99,0.86,251.85,7.66,24.14,168.27,0.03,7.08
"2025-01-20T15:00:00+00:00",7.72,2.28,206.01,6.2,0.87,249.74,6.47,24.13,239.04,0.08,7.01
"2025-01-20T16:00:00+00:00",7.72,2.02,202.26,5.4,0.86,250.06,6.81,24.13,244.14,0.07,6.86
"2025-01-20T18:00:00+00:00",7.68,1.5,194.76,3.07,0.84,250.71,7.49,24.14,257.85,0.05,6.64
"2025-01-20T19:00:00+00:00",7.65,1.49,187.48,2.15,0.83,250.89,7.66,24.14,270.29,0.05,6.51
"2025-01-20T21:00:00+00:00",7.57,1.47,172.93,1.79,0.8,251.24,7.99,24.14,302.64,0.04,6.46
"2025-01-20T22:00:00+00:00",7.54,1.27,169.21,2.48,0.78,251.19,7.87,24.14,312.5,0.03,6.42
"2025-01-21T01:00:00+00:00",7.47,0.8,147.17,3.78,0.74,250.78,7.45,24.14,243.93,0.02,6.26
"2025-01-21T02:00:00+00:00",7.45,0.74,132.56,3.64,0.72,250.48,7.28,24.14,223.39,0.03,6.23
"2025-01-21T03:00:00+00:00",7.44,0.68,117.95,3.16,0.71,250.18,7.11,24.13,204.2,0.03,6.06
"2025-01-21T04:00:00+00:00",7.43,0.84,116.15,3.08,0.69,250.12,7.04,24.13,184.76,0.04,5.85
"2025-01-21T06:00:00+00:00",7.45,1.42,174.0,4.24,0.65,250.0,6.89,24.13,155.91,0.05,5.54
"2025-01-21T07:00:00+00:00",7.46,1.54,153.19,4.32,0.63,249.56,6.34,24.13,150.75,0.06,5.5
"2025-01-21T09:00:00+00:00",7.49,1.79,111.56,5.5,0.6,248.69,5.23,24.13,143.24,0.06,5.03
"2025-01-21T10:00:00+00:00",7.53,2.05,126.28,7.29,0.59,247.62,5.1,24.13,139.21,0.06,5.28
"2025-01-21T12:00:00+00:00",7.6,2.57,155.72,7.89,0.58,241.88,4.4,24.14,139.73,0.04,5.32
"2025-01-21T13:00:00+00:00",7.62,2.36,153.63,7.14,0.57,241.47,4.44,24.14,149.75,0.04,5.31
"2025-01-21T15:00:00+00:00",7.65,1.94,149.44,5.65,0.54,240.66,4.51,24.14,130.87,0.04,5.75
"2025-01-21T16:00:00+00:00",7.65,1.84,137.43,4.96,0.53,239.72,4.27,24.13,132.72,0.03,5.83
"2025-01-21T18:00:00+00:00",7.63,1.64,113.41,6.34,0.51,237.85,3.79,24.13,112.96,0.03,5.63
"2025-01-21T19:00:00+00:00",7.63,1.66,110.16,6.27,0.51,233.49,3.68,24.13,103.2,0.04,5.65
"2025-01-21T21:00:00+00:00",7.62,1.69,103.67,6.05,0.51,224.77,3.46,24.13,95.96,0.05,6.01
"2025-01-21T22:00:00+00:00",7.62,1.73,97.7,5.58,0.51,222.36,3.45,24.13,101.9,0.05,6.15
"2025-01-22T01:00:00+00:00",7.62,1.7,85.51,3.32,0.49,219.28,3.52,23.59,138.74,0.03,6.63
"2025-01-22T02:00:00+00:00",7.61,1.58,85.27,3.37,0.48,221.01,3.61,23.05,145.76,0.03,6.56
"2025-01-22T03:00:00+00:00",7.61,1.47,85.02,4.23,0.47,222.75,3.69,22.5,142.33,0.03,6.36
"2025-01-22T04:00:00+00:00",7.61,1.74,66.83,4.39,0.46,226.19,3.84,19.2,131.27,0.04,6.06
"2025-01-22T06:00:00+00:00",7.61,1.62,44.28,4.17,0.43,233.07,4.13,23.17,106.34,0.05,5.66
"2025-01-22T07:00:00+00:00",7.6,1.48,33.09,3.86,0.42,235.29,4.32,23.49,96.05,0.06,5.64
"2025-01-22T09:00:00+00:00",7.6,1.21,10.71,5.31,0.41,239.72,4.71,24.14,81.44,0.07,4.77
"2025-01-22T10:00:00+00:00",7.61,1.51,354.88,5.43,0.41,241.04,4.9,24.14,76.77,0.07,4.86
"2025-01-22T12:00:00+00:00",7.63,2.1,323.21,5.11,0.38,246.06,5.41,24.13,66.73,0.06,5.14
"2025-01-22T13:00:00+00:00",7.64,1.99,330.29,5.99,0.38,246.8,5.38,24.13,61.69,0.06,5.37
"2025-01-22T15:00:00+00:00",7.65,1.78,344.46,6.64,0.37,248.28,5.33,24.13,342.36,0.03,5.33
"2025-01-22T16:00:00+00:00",7.64,1.96,337.72,6.6,0.4,256.67,4.49,24.13,325.29,0.03,4.93
"2025-01-22T18:00:00+00:00",7.62,2.33,324.23,6.73,0.45,273.44,2.82,24.13,324.75,0.03,4.43
"2025-01-22T19:00:00+00:00",7.61,2.41,321.26,6.53,0.47,281.11,2.85,24.13,339.3,0.03,4.34
"2025-01-22T21:00:00+00:00",7.56,2.56,315.32,5.6,0.51,296.46,2.92,24.13,336.42,0.03,4.31
"2025-01-22T22:00:00+00:00",7.54,2.47,305.71,5.2,0.53,298.21,2.91,24.14,316.28,0.03,4.13
"2025-01-23T01:00:00+00:00",7.51,2.36,273.07,4.49,0.55,298.13,2.89,24.14,272.93,0.06,3.78
"2025-01-23T02:00:00+00:00",7.51,2.42,259.64,4.18,0.53,294.55,2.89,24.14,266.64,0.08,3.64
"2025-01-23T03:00:00+00:00",7.5,2.48,246.21,5.88,0.51,290.96,2.9,24.13,263.53,0.09,3.59
"2025-01-23T04:00:00+00:00",7.51,2.52,238.56,6.35,0.54,284.5,2.85,24.13,259.63,0.1,3.7
"2025-01-23T06:00:00+00:00",7.56,2.86,233.22,4.85,0.6,271.57,2.74,24.14,259.17,0.11,4.02
"2025-01-23T07:00:00+00:00",7.57,3.36,221.79,3.8,0.73,262.88,2.94,24.13,258.34,0.11,4.7
"2025-01-23T09:00:00+00:00",7.64,4.35,198.94,14.09,1.0,245.49,3.33,24.13,255.52,0.11,7.48
"2025-01-23T10:00:00+00:00",7.73,6.71,200.75,18.05,1.18,239.73,3.55,24.13,257.29,0.13,8.26
"2025-01-23T12:00:00+00:00",7.84,11.43,204.37,21.03,1.78,220.88,4.21,24.13,256.35,0.17,8.5
"2025-01-23T13:00:00+00:00",7.86,11.34,221.48,23.68,1.96,226.64,4.47,24.14,255.21,0.19,8.23
"2025-01-23T15:00:00+00:00",8.04,11.16,255.71,22.93,2.32,238.16,4.99,24.14,261.86,0.21,9.14
"2025-01-23T16:00:00+00:00",8.03,10.4,256.09,15.43,2.37,242.06,5.14,24.14,255.06,0.21,9.0
"2025-01-23T18:00:00+00:00",8.0,8.88,256.84,13.9,2.48,249.87,5.43,24.14,259.3,0.18,7.86
"2025-01-23T19:00:00+00:00",7.99,7.96,248.31,12.65,2.42,249.79,5.42,24.13,255.94,0.17,7.77
"2025-01-23T21:00:00+00:00",7.96,6.12,231.25,9.45,2.29,249.63,5.41,24.13,259.98,0.17,7.39
"2025-01-23T22:00:00+00:00",7.95,6.62,223.54,10.11,2.2,246.83,5.26,24.13,255.43,0.17,7.91
"2025-01-24T01:00:00+00:00",7.95,9.31,204.73,18.92,2.17,234.5,4.93,24.14,248.38,0.18,9.21
"2025-01-24T02:00:00+00:00",7.95,10.99,201.34,23.34,2.3,227.76,4.89,24.13,250.85,0.21,9.61
"2025-01-24T03:00:00+00:00",7.95,12.68,197.96,24.87,2.44,221.02,4.86,24.13,251.16,0.22,9.77
"2025-01-24T04:00:00+00:00",7.95,12.98,198.53,26.51,2.63,217.79,5.0,18.34,248.93,0.22,9.61
"2025-01-24T06:00:00+00:00",7.95,14.82,202.78,28.6,3.01,211.32,5.27,24.13,252.63,0.24,9.23
"2025-01-24T07:00:00+00:00",7.95,14.48,209.47,29.7,3.07,215.96,5.46,20.62,255.65,0.25,9.49
"2025-01-24T09:00:00+00:00",7.94,13.79,222.85,23.5,3.2,225.24,5.85,13.6,260.16,0.23,10.41
"2025-01-24T10:00:00+00:00",7.94,11.78,229.64,15.62,3.16,228.25,5.98,17.11,261.01,0.2,10.81
"2025-01-24T12:00:00+00:00",7.95,7.76,243.22,12.17,3.25,235.1,6.67,24.14,261.29,0.21,10.3
"2025-01-24T13:00:00+00:00",7.95,7.23,244.84,11.85,3.02,237.09,6.53,24.14,262.71,0.21,10.13
"2025-01-24T15:00:00+00:00",7.95,6.18,248.07,10.52,2.57,241.06,6.24,24.13,259.69,0.19,9.92
"2025-01-24T16:00:00+00:00",7.95,5.15,240.96,8.95,2.43,242.45,6.18,24.13,255.17,0.2,9.69
"2025-01-24T18:00:00+00:00",7.95,3.09,226.74,5.11,2.15,245.24,6.06,24.13,252.16,0.19,9.0
"2025-01-24T19:00:00+00:00",7.95,2.94,208.73,3.1,2.07,245.82,6.03,24.13,247.61,0.18,8.81
"2025-01-24T21:00:00+00:00",7.97,2.63,172.72,4.82,1.91,246.97,5.96,24.14,248.49,0.18,8.66
"2025-01-24T22:00:00+00:00",7.99,2.79,172.21,5.45,1.85,246.91,5.85,24.13,249.82,0.17,8.79
"2025-01-25T01:00:00+00:00",8.02,2.68,155.32,5.52,1.68,247.36,5.69,24.13,247.31,0.18,8.48
"2025-01-25T02:00:00+00:00",8.03,2.23,139.44,5.11,1.62,248.11,5.65,24.13,250.35,0.19,8.36
"2025-01-25T03:00:00+00:00",8.04,1.79,123.57,5.38,1.57,248.87,5.61,24.13,249.53,0.2,8.3
"2025-01-25T04:00:00+00:00",8.05,1.65,149.57,5.04,1.55,250.14,5.51,24.14,251.42,0.2,8.19
"2025-01-25T06:00:00+00:00",8.07,3.44,323.36,11.88,1.52,252.69,5.32,24.13,247.42,0.15,7.35
"2025-01-25T07:00:00+00:00",8.08,3.82,317.37,12.23,1.52,254.11,5.27,24.13,243.37,0.14,6.14
"2025-01-25T09:00:00+00:00",8.11,4.58,305.4,8.23,1.51,256.96,5.16,24.13,235.68,0.11,5.15
"2025-01-25T10:00:00+00:00",8.15,4.18,307.87,8.27,1.47,256.8,5.27,24.13,232.49,0.1,5.1
"2025-01-25T12:00:00+00:00",8.21,3.37,312.81,7.18,1.42,255.83,5.63,24.13,238.13,0.07,5.64
"2025-01-25T13:00:00+00:00",8.23,2.79,313.67,6.7,1.37,255.16,5.87,24.13,237.71,0.05,5.95
"2025-01-25T15:00:00+00:00",8.24,1.62,315.4,3.87,1.26,253.83,6.35,24.14,262.16,0.03,6.42
"2025-01-25T16:00:00+00:00",8.2,1.4,312.83,2.26,1.23,253.54,6.65,24.14,280.48,0.02,6.2
"2025-01-25T18:00:00+00:00",8.16,0.97,307.7,3.28,1.16,252.96,7.26,24.13,301.86,0.01,6.49
"2025-01-25T19:00:00+00:00",8.17,0.91,297.75,3.92,1.14,252.86,7.54,24.13,302.89,0.01,5.93
"2025-01-25T21:00:00+00:00",8.21,0.8,277.86,2.75,1.09,252.65,8.09,24.13,329.21,0.02,4.8
"2025-01-25T22:00:00+00:00",8.21,1.1,256.63,2.8,1.1,252.4,7.07,24.13,326.25,0.03,4.49
"2025-01-26T01:00:00+00:00",8.16,2.35,202.57,3.8,1.2,248.96,4.82,24.13,311.93,0.05,5.21
"2025-01-26T02:00:00+00:00",8.14,2.98,190.96,6.97,1.28,246.01,4.59,24.13,303.66,0.05,6.12
"2025-01-26T03:00:00+00:00",8.13,3.62,179.35,10.41,1.37,243.06,4.37,24.13,297.28,0.06,6.27
"2025-01-26T04:00:00+00:00",8.11,4.86,179.51,13.28,1.43,238.79,4.38,24.13,290.92,0.06,7.1
"2025-01-26T06:00:00+00:00",8.09,5.64,180.99,16.13,1.54,230.25,4.39,24.14,272.04,0.06,7.2
"2025-01-26T07:00:00+00:00",8.08,6.63,174.43,17.16,1.62,222.86,4.42,24.14,274.34,0.05,6.97
"2025-01-26T09:00:00+00:00",8.08,8.62,161.32,21.52,1.77,208.08,4.48,24.14,266.29,0.06,6.39
"2025-01-26T10:00:00+00:00",8.08,10.0,164.12,24.26,1.87,200.51,4.56,18.37,261.64,0.08,6.15
"2025-01-26T12:00:00+00:00",8.08,12.75,169.72,24.32,2.16,182.93,4.65,6.84,257.12,0.11,6.18
"2025-01-26T13:00:00+00:00",8.09,12.92,172.54,26.35,2.43,183.8,4.8,8.12,251.81,0.13,6.42
"2025-01-26T15:00:00+00:00",8.1,13.27,178.17,29.36,2.98,185.55,5.11,10.68,250.25,0.16,8.43
"2025-01-26T16:00:00+00:00",8.1,12.08,189.94,26.72,2.91,189.57,5.23,15.16,253.72,0.16,9.09
"2025-01-26T18:00:00+00:00",8.1,9.7,213.48,20.92,2.76,197.6,5.48,24.13,251.48,0.14,9.3
"2025-01-26T19:00:00+00:00",8.1,10.29,206.87,21.54,2.82,201.06,5.55,23.49,256.71,0.12,9.69
"2025-01-26T21:00:00+00:00",8.1,11.46,193.64,20.36,2.94,207.98,5.69,22.2,255.75,0.1,9.7
"2025-01-26T22:00:00+00:00",8.1,12.18,188.22,20.17,3.15,211.59,5.73,16.82,253.17,0.13,9.44
"2025-01-27T01:00:00+00:00",8.08,12.13,195.55,27.58,3.51,223.38,6.07,12.09,264.19,0.2,10.27
"2025-01-27T02:00:00+00:00",8.08,10.65,213.72,24.3,3.45,227.97,6.31,18.12,249.08,0.21,9.67
"2025-01-27T03:00:00+00:00",8.08,9.17,231.89,22.11,3.4,232.55,6.56,24.14,249.04,0.22,9.11
"2025-01-27T04:00:00+00:00",8.08,9.83,225.91,21.87,3.65,235.89,6.69,19.96,258.54,0.21,8.6
"2025-01-27T06:00:00+00:00",8.06,9.93,230.58,21.82,4.16,242.56,6.95,24.14,251.67,0.2,8.51
"2025-01-27T07:00:00+00:00",8.06,10.44,226.6,23.14,4.3,242.16,7.07,24.14,251.27,0.23,8.72
"2025-01-27T09:00:00+00:00",8.05,11.46,218.65,20.54,4.58,241.36,7.31,24.14,259.94,0.26,8.28
"2025-01-27T10:00:00+00:00",8.05,11.31,214.7,20.82,4.62,240.76,7.38,24.14,255.63,0.28,8.44
"2025-01-27T12:00:00+00:00",8.05,11.0,206.8,22.88,4.55,238.51,7.34,24.14,256.63,0.3,7.97
"2025-01-27T13:00:00+00:00",8.05,10.5,206.34,24.6,4.59,238.63,7.41,24.14,257.15,0.3,8.03
"2025-01-27T15:00:00+00:00",8.06,9.51,205.42,23.63,4.68,238.86,7.55,24.13,252.49,0.31,8.39
"2025-01-27T16:00:00+00:00",8.05,10.16,205.59,23.55,4.67,238.67,7.53,23.29,252.08,0.31,8.29
"2025-01-27T18:00:00+00:00",8.04,11.46,205.92,25.2,4.65,238.3,7.49,21.6,253.97,0.32,8.49
"2025-01-27T19:00:00+00:00",8.04,11.83,205.07,25.57,4.61,237.01,7.4,22.45,254.39,0.32,8.37
"2025-01-27T21:00:00+00:00",8.02,12.56,203.37,25.77,4.52,234.43,7.21,24.13,257.24,0.3,8.34
"2025-01-27T22:00:00+00:00",8.02,12.84,200.8,26.34,4.49,232.58,7.16,24.13,258.05,0.29,8.2
"2025-01-28T01:00:00+00:00",7.85,13.32,195.23,27.23,4.44,227.85,6.98,24.13,266.24,0.17,8.45
"2025-01-28T02:00:00+00:00",7.84,13.24,194.79,27.28,4.44,226.84,6.92,24.13,263.56,0.16,8.81
"2025-01-28T03:00:00+00:00",7.84,13.16,194.35,24.72,4.44,225.82,6.85,24.13,260.55,0.17,8.68
"2025-01-28T04:00:00+00:00",7.84,12.41,194.21,24.2,4.28,227.56,6.91,24.1,259.47,0.19,8.72
"2025-01-28T06:00:00+00:00",7.83,10.63,210.56,21.44,3.97,231.05,7.02,18.01,257.22,0.21,8.98
"2025-01-28T07:00:00+00:00",7.83,10.64,208.21,21.27,4.03,234.12,7.05,17.98,255.96,0.18,8.95
"2025-01-28T09:00:00+00:00",7.84,10.65,203.5,20.92,4.14,240.27,7.11,17.92,253.92,0.16,9.1
"2025-01-28T10:00:00+00:00",7.84,10.19,214.97,18.68,4.12,242.82,7.15,19.99,256.84,0.17,9.1
"2025-01-28T12:00:00+00:00",7.87,9.27,237.91,17.21,3.97,243.17,7.2,24.14,257.71,0.21,9.37
"2025-01-28T13:00:00+00:00",7.88,9.22,241.42,17.81,3.99,245.55,7.17,24.14,258.82,0.2,9.58
"2025-01-28T15:00:00+00:00",7.89,9.12,248.45,16.38,4.03,250.3,7.1,24.14,256.64,0.2,9.29
"2025-01-28T16:00:00+00:00",7.89,8.87,253.55,15.25,3.91,251.52,7.04,24.14,257.24,0.18,9.18
"2025-01-28T18:00:00+00:00",7.9,8.36,263.74,12.56,3.68,253.97,6.93,24.13,253.47,0.14,8.35
"2025-01-28T19:00:00+00:00",7.9,8.01,270.0,13.1,3.6,255.0,6.79,24.13,254.85,0.13,8.18
"2025-01-28T21:00:00+00:00",7.9,7.31,282.52,13.87,3.43,257.05,6.52,24.13,259.73,0.12,7.89
"2025-01-28T22:00:00+00:00",7.89,7.14,281.52,14.06,3.37,257.09,6.48,24.13,253.72,0.12,7.67
"2025-01-29T01:00:00+00:00",7.88,6.9,274.24,13.24,3.12,257.19,6.31,24.14,256.85,0.15,6.74
"2025-01-29T02:00:00+00:00",7.88,7.0,268.96,13.34,2.99,257.22,6.21,24.14,253.71,0.15,6.71
"2025-01-29T03:00:00+00:00",7.88,7.09,263.68,13.55,2.87,257.25,6.12,24.14,256.29,0.16,6.55
"2025-01-29T04:00:00+00:00",7.87,6.32,259.14,13.25,2.72,256.57,6.07,24.14,255.25,0.16,6.57
"2025-01-29T06:00:00+00:00",7.87,3.76,261.66,10.05,2.41,255.22,5.98,24.13,251.99,0.14,6.03
"2025-01-29T07:00:00+00:00",7.86,2.94,257.21,7.29,2.26,254.48,5.97,24.13,254.76,0.12,6.31
"2025-01-29T09:00:00+00:00",7.86,1.3,248.3,2.36,1.97,253.0,5.96,24.13,257.92,0.11,6.83
"2025-01-29T10:00:00+00:00",7.87,1.42,211.97,1.79,1.87,250.8,5.69,24.13,260.64,0.12,7.39
"2025-01-29T12:00:00+00:00",7.92,1.65,139.32,7.06,1.6,249.24,5.46,24.14,270.15,0.1,8.49
"2025-01-29T13:00:00+00:00",7.92,2.39,146.47,7.41,1.52,246.05,5.21,19.61,261.47,0.08,8.27
"2025-01-29T15:00:00+00:00",7.96,3.86,160.78,8.83,1.35,239.66,4.72,10.55,231.61,0.08,7.73
"2025-01-29T16:00:00+00:00",7.96,3.82,133.15,8.38,1.29,235.59,4.59,11.5,223.41,0.07,7.44
"2025-01-29T18:00:00+00:00",7.98,3.75,77.9,9.57,1.16,227.46,4.33,13.4,181.94,0.03,6.81
"2025-01-29T19:00:00+00:00",7.98,3.76,69.39,9.32,1.14,218.69,4.16,16.98,130.33,0.03,6.66
"2025-01-29T21:00:00+00:00",8.0,3.77,52.37,8.97,1.11,201.16,3.83,24.14,94.2,0.05,6.36
"2025-01-29T22:00:00+00:00",8.0,4.43,42.31,10.55,1.12,184.65,3.83,24.14,84.19,0.05,6.34
"2025-01-30T01:00:00+00:00",8.02,6.03,18.93,11.55,1.16,106.87,3.82,24.14,83.63,0.06,5.86
"2025-01-30T02:00:00+00:00",8.03,6.29,15.68,12.31,1.2,62.12,3.8,24.14,84.03,0.05,5.63
"2025-01-30T03:00:00+00:00",8.03,6.56,12.43,12.72,1.23,17.37,3.79,24.14,85.69,0.04,5.49
"2025-01-30T04:00:00+00:00",8.03,6.24,8.58,12.46,1.23,11.44,3.85,24.13,84.89,0.04,5.48
"2025-01-30T06:00:00+00:00",8.02,6.44,359.25,10.64,1.24,359.59,3.98,24.14,73.45,0.05,4.66
"2025-01-30T07:00:00+00:00",8.01,5.88,353.79,10.74,1.21,345.97,4.05,24.13,61.07,0.06,3.75
"2025-01-30T09:00:00+00:00",8.0,4.76,342.88,9.85,1.16,318.73,4.18,24.13,58.71,0.07,3.18
"2025-01-30T10:00:00+00:00",8.0,4.76,341.17,10.46,1.15,309.41,4.24,24.13,51.24,0.06,3.73
"2025-01-30T12:00:00+00:00",8.0,4.77,337.76,9.85,1.14,293.23,4.35,24.14,35.2,0.06,5.47
"2025-01-30T13:00:00+00:00",8.01,4.52,331.74,9.22,1.1,286.9,4.45,24.14,32.36,0.06,6.13
"2025-01-30T15:00:00+00:00",8.0,4.01,319.71,9.39,1.03,274.24,4.66,24.13,17.22,0.05,6.48
"2025-01-30T16:00:00+00:00",7.97,3.46,310.0,7.47,1.0,272.06,4.66,24.13,20.32,0.05,6.12
"2025-01-30T18:00:00+00:00",7.92,2.36,290.58,4.04,0.94,267.71,4.67,24.14,44.81,0.06,5.95
"2025-01-30T19:00:00+00:00",7.89,2.38,278.36,3.99,0.92,266.56,4.65,24.13,46.43,0.08,5.67
"2025-01-30T21:00:00+00:00",7.86,2.43,253.93,5.76,0.87,264.27,4.6,24.13,54.32,0.09,5.56
"2025-01-30T22:00:00+00:00",7.84,2.51,253.0,5.82,0.88,263.93,4.42,24.14,53.38,0.09,5.41
"2025-01-31T01:00:00+00:00",7.78,2.46,244.5,3.66,0.9,261.85,4.02,24.14,38.51,0.05,5.15
"2025-01-31T02:00:00+00:00",7.75,2.24,237.86,2.78,0.92,260.45,3.97,24.14,35.6,0.04,5.38
"2025-01-31T03:00:00+00:00",7.74,2.03,231.23,2.81,0.93,259.05,3.93,24.14,29.33,0.03,5.64
"2025-01-31T04:00:00+00:00",7.72,3.35,225.94,3.8,0.97,255.19,3.86,21.79,28.84,0.03,6.2
"2025-01-31T06:00:00+00:00",7.75,4.56,201.26,12.66,1.05,247.46,3.72,24.14,172.59,0.01,7.29
"2025-01-31T07:00:00+00:00",7.8,5.34,192.7,16.14,1.17,240.07,3.78,19.78,219.25,0.02,7.33
"2025-01-31T09:00:00+00:00",7.88,6.91,175.57,18.08,1.42,225.3,3.9,11.08,261.81,0.05,7.47
"2025-01-31T10:00:00+00:00",7.89,6.32,225.66,18.59,1.4,225.15,4.15,15.43,257.01,0.05,7.38
"2025-01-31T12:00:00+00:00",7.9,5.15,325.84,9.33,1.65,230.22,4.73,24.13,257.11,0.04,8.57
"2025-01-31T13:00:00+00:00",7.9,4.64,334.09,9.2,1.58,231.33,4.73,24.13,242.21,0.02,8.64
"2025-01-31T15:00:00+00:00",7.93,3.61,350.59,6.71,1.43,233.55,4.73,24.14,23.89,0.02,8.86
"2025-01-31T16:00:00+00:00",7.93,3.09,0.91,5.11,1.36,236.0,4.65,24.14,53.79,0.03,8.64
"2025-01-31T18:00:00+00:00",7.91,2.04,21.54,6.36,1.22,240.89,4.5,24.14,85.12,0.08,7.12
"2025-01-31T19:00:00+00:00",7.92,1.83,52.91,6.32,1.18,239.32,4.42,24.14,92.03,0.1,6.76
"2025-01-31T21:00:00+00:00",7.93,1.4,115.66,5.9,1.1,236.19,4.27,24.13,91.04,0.1,5.74
"2025-01-31T22:00:00+00:00",7.93,1.86,122.5,6.06,1.07,234.28,4.23,24.13,91.59,0.1,5.63
"2025-02-01T01:00:00+00:00",7.94,2.59,135.2,4.86,0.97,229.5,4.13,24.14,90.07,0.09,5.7
"2025-02-01T02:00:00+00:00",7.94,2.38,134.23,4.64,0.95,228.56,4.11,24.13,89.51,0.07,5.62
"2025-02-01T03:00:00+00:00",7.94,2.18,133.25,4.3,0.92,227.61,4.09,24.13,89.61,0.06,5.59
"2025-02-01T04:00:00+00:00",7.94,2.12,134.17,4.24,0.9,227.28,4.05,24.13,92.58,0.05,5.6
"2025-02-01T06:00:00+00:00",7.93,1.97,112.63,6.29,0.86,226.61,3.97,24.13,98.75,0.04,6.02
"2025-02-01T07:00:00+00:00",7.92,1.94,116.66,6.93,0.84,227.88,4.0,24.13,97.52,0.04,6.12
"2025-02-01T09:00:00+00:00",7.93,1.89,124.73,6.91,0.79,230.41,4.07,24.13,86.24,0.05,6.03
"2025-02-01T10:00:00+00:00",7.93,2.55,132.55,7.21,0.77,231.76,4.02,24.13,81.72,0.04,6.07
"2025-02-01T12:00:00+00:00",7.94,3.86,148.19,8.68,0.78,228.65,3.95,24.13,100.98,0.02,6.12
"2025-02-01T13:00:00+00:00",7.96,3.81,153.26,8.79,0.75,230.31,3.99,24.13,156.58,0.01,5.98
"2025-02-01T15:00:00+00:00",7.98,3.72,163.4,7.15,0.7,233.64,4.08,24.13,217.78,0.03,5.7
"2025-02-01T16:00:00+00:00",7.96,2.93,159.45,5.9,0.67,236.19,4.13,24.13,222.94,0.04,5.69
"2025-02-01T18:00:00+00:00",7.93,1.34,151.55,6.06,0.62,241.3,4.24,24.14,221.77,0.04,5.71
"2025-02-01T19:00:00+00:00",7.93,1.69,143.95,6.16,0.62,239.3,4.05,24.14,220.16,0.04,5.64
"2025-02-01T21:00:00+00:00",7.91,2.4,128.74,7.87,0.62,235.31,3.68,24.13,216.49,0.04,5.79
"2025-02-01T22:00:00+00:00",7.91,2.52,132.23,8.31,0.64,228.42,3.58,24.14,214.82,0.04,5.94
"2025-02-02T01:00:00+00:00",7.91,2.7,144.06,9.17,0.68,212.44,3.39,24.14,231.81,0.06,5.95
"2025-02-02T02:00:00+00:00",7.91,2.66,148.89,8.49,0.68,210.25,3.4,24.14,233.73,0.07,5.76
"2025-02-02T03:00:00+00:00",7.9,2.61,153.73,7.96,0.69,208.05,3.4,24.13,236.53,0.09,5.61
"2025-02-02T04:00:00+00:00",7.89,2.56,150.6,7.02,0.68,211.65,3.44,24.14,238.73,0.1,5.46
"2025-02-02T06:00:00+00:00",7.87,2.93,139.12,7.12,0.65,218.85,3.52,24.14,237.92,0.09,5.23
"2025-02-02T07:00:00+00:00",7.87,2.79,141.07,6.73,0.65,220.89,3.5,24.14,237.38,0.08,5.19
"2025-02-02T09:00:00+00:00",7.88,2.52,144.97,8.12,0.65,224.96,3.47,24.13,234.37,0.06,5.57
"2025-02-02T10:00:00+00:00",7.9,3.03,156.79,8.25,0.65,227.89,3.65,24.13,234.37,0.06,5.8
"2025-02-02T12:00:00+00:00",7.94,4.05,180.43,7.22,0.75,226.82,3.94,24.13,240.53,0.07,6.07
"2025-02-02T13:00:00+00:00",7.97,3.78,181.54,6.57,0.75,231.24,4.14,24.13,242.27,0.08,6.22
"2025-02-02T15:00:00+00:00",7.94,3.23,183.77,5.8,0.76,240.07,4.53,24.13,243.24,0.08,6.27
"2025-02-02T16:00:00+00:00",7.92,2.79,182.79,5.81,0.77,242.53,4.71,24.13,239.35,0.08,6.02
"2025-02-02T18:00:00+00:00",7.87,1.9,180.82,4.5,0.8,247.46,5.08,24.13,231.8,0.07,6.32
"2025-02-02T19:00:00+00:00",7.85,1.48,191.91,3.41,0.82,248.28,5.3,24.13,232.7,0.07,6.29
"2025-02-02T21:00:00+00:00",7.82,0.63,214.08,2.7,0.85,249.91,5.75,24.14,248.53,0.06,6.21
"2025-02-02T22:00:00+00:00",7.79,1.16,203.5,3.15,0.86,250.41,6.06,24.14,258.6,0.05,6.24
"2025-02-03T01:00:00+00:00",7.74,2.01,203.18,3.39,0.9,251.69,6.91,24.13,263.71,0.06,6.28
"2025-02-03T02:00:00+00:00",7.72,1.79,224.03,4.44,0.92,251.97,7.15,24.13,260.35,0.08,6.33
"2025-02-03T03:00:00+00:00",7.71,1.58,244.88,4.58,0.93,252.25,7.39,24.13,260.1,0.09,6.41
"2025-02-03T04:00:00+00:00",7.7,1.55,226.69,4.31,0.95,252.25,7.21,24.13,263.14,0.1,6.53
"2025-02-03T06:00:00+00:00",7.67,1.49,190.31,4.07,0.98,252.24,6.86,24.14,269.75,0.09,6.35
"2025-02-03T07:00:00+00:00",7.66,1.95,189.64,3.69,1.01,251.21,6.37,24.14,269.68,0.07,6.49
"2025-02-03T09:00:00+00:00",7.65,1.82,211.95,6.99,1.06,249.14,5.39,24.14,287.86,0.04,6.82
"2025-02-03T10:00:00+00:00",7.67,2.33,203.56,7.94,1.09,248.06,5.2,24.14,295.33,0.03,7.48
"2025-02-03T12:00:00+00:00",7.72,3.35,186.78,8.77,1.09,250.57,5.74,24.13,267.59,0.03,7.93
"2025-02-03T13:00:00+00:00",7.75,3.68,193.62,8.76,1.12,248.96,5.4,24.13,259.91,0.04,8.03
"2025-02-03T15:00:00+00:00",7.82,4.35,207.3,7.13,1.19,245.74,4.72,24.14,260.65,0.12,7.86
"2025-02-03T16:00:00+00:00",7.83,3.97,214.18,6.75,1.23,246.1,4.69,24.13,260.71,0.13,7.95
"2025-02-03T18:00:00+00:00",7.82,3.2,227.95,7.55,1.3,246.83,4.62,24.13,259.85,0.13,8.4
"2025-02-03T19:00:00+00:00",7.81,3.13,223.35,7.53,1.3,246.83,4.62,24.13,261.83,0.13,8.49
"2025-02-03T21:00:00+00:00",7.77,3.0,214.15,6.88,1.3,246.84,4.62,24.14,264.33,0.11,8.65
"2025-02-03T22:00:00+00:00",7.77,3.53,213.55,8.69,1.3,246.19,4.57,24.14,262.65,0.1,8.66
"2025-02-04T01:00:00+00:00",7.83,4.78,210.84,10.35,1.32,243.75,4.44,24.13,256.29,0.13,8.45
"2025-02-04T02:00:00+00:00",7.85,4.97,209.32,10.89,1.33,242.61,4.41,24.13,254.53,0.13,8.49
"2025-02-04T03:00:00+00:00",7.86,5.16,207.8,11.58,1.34,241.47,4.39,24.13,253.78,0.13,8.47
"2025-02-04T04:00:00+00:00",7.88,5.04,204.94,11.74,1.36,240.05,4.4,24.14,254.62,0.13,8.29
"2025-02-04T06:00:00+00:00",7.89,5.69,204.18,12.14,1.41,237.22,4.41,24.14,256.2,0.12,7.69
"2025-02-04T07:00:00+00:00",7.89,5.98,203.42,12.1,1.42,236.7,4.44,24.14,256.6,0.11,7.56
"2025-02-04T09:00:00+00:00",7.9,6.57,201.9,13.2,1.44,235.67,4.51,24.13,262.33,0.1,7.6
"2025-02-04T10:00:00+00:00",7.9,6.99,204.99,14.34,1.48,235.3,4.51,24.13,263.91,0.1,7.72
"2025-02-04T12:00:00+00:00",7.92,7.83,211.16,14.93,1.76,231.7,4.81,24.13,261.71,0.13,8.14
"2025-02-04T13:00:00+00:00",7.93,8.0,215.84,14.89,1.76,232.34,4.83,24.13,260.82,0.14,8.31
"2025-02-04T15:00:00+00:00",7.94,8.35,225.2,14.08,1.77,233.61,4.88,24.13,253.79,0.15,8.57
"2025-02-04T16:00:00+00:00",7.94,7.89,221.71,13.09,1.81,234.57,4.89,24.12,253.52,0.16,8.72
"2025-02-04T18:00:00+00:00",7.93,6.97,214.73,13.67,1.89,236.5,4.9,24.08,257.76,0.15,9.16
"2025-02-04T19:00:00+00:00",7.92,5.77,236.73,13.46,1.89,239.44,5.04,24.1,258.58,0.14,9.46
"2025-02-04T21:00:00+00:00",7.9,3.37,280.72,8.1,1.88,245.31,5.33,24.14,262.48,0.14,9.28
"2025-02-04T22:00:00+00:00",7.89,3.3,275.55,7.24,1.83,247.18,5.33,24.14,258.52,0.14,8.9
"2025-02-05T01:00:00+00:00",7.86,3.03,264.92,6.11,1.68,251.67,5.29,24.13,253.79,0.16,7.01
"2025-02-05T02:00:00+00:00",7.85,2.9,264.62,4.86,1.64,252.44,5.24,24.14,250.23,0.16,6.6
"2025-02-05T03:00:00+00:00",7.84,2.77,264.33,4.49,1.59,253.2,5.2,24.14,248.18,0.15,6.34
"2025-02-05T04:00:00+00:00",7.84,2.56,267.25,3.75,1.54,253.51,5.19,24.14,247.62,0.14,6.16
"2025-02-05T06:00:00+00:00",7.82,2.01,258.09,3.59,1.44,254.13,5.17,24.13,245.51,0.09,5.68
"2025-02-05T07:00:00+00:00",7.81,1.86,253.9,3.32,1.39,254.12,5.31,24.13,241.49,0.06,5.44
"2025-02-05T09:00:00+00:00",7.82,1.56,245.51,3.1,1.28,254.11,5.58,24.14,283.16,0.01,6.04
"2025-02-05T10:00:00+00:00",7.84,1.98,257.22,3.58,1.25,254.06,5.8,24.14,2.51,0.02,6.83
"2025-02-05T12:00:00+00:00",7.9,2.83,280.63,4.88,1.21,253.64,6.12,24.14,5.17,0.05,8.14
"2025-02-05T13:00:00+00:00",7.92,2.64,285.19,4.91,1.18,253.77,6.31,24.14,4.34,0.06,8.5
"2025-02-05T15:00:00+00:00",7.92,2.26,294.3,4.91,1.11,254.02,6.68,24.13,26.7,0.07,9.14
"2025-02-05T16:00:00+00:00",7.9,2.31,313.26,4.78,1.09,254.14,6.86,24.13,35.39,0.08,8.8
"2025-02-05T18:00:00+00:00",7.82,2.42,351.17,2.58,1.04,254.39,7.21,24.14,45.59,0.13,7.65
"2025-02-05T19:00:00+00:00",7.79,2.5,356.4,3.5,1.02,254.48,7.32,24.14,52.25,0.17,6.85
"2025-02-05T21:00:00+00:00",7.74,2.66,6.85,3.68,0.98,254.66,7.53,24.14,63.21,0.22,6.44
"2025-02-05T22:00:00+00:00",7.73,2.7,13.86,4.24,0.98,256.18,6.44,24.13,65.41,0.23,6.2
"2025-02-06T01:00:00+00:00",7.75,2.92,26.39,4.61,0.97,261.27,4.32,24.13,69.24,0.23,5.72
"2025-02-06T02:00:00+00:00",7.76,3.05,24.91,4.93,0.97,263.32,4.37,24.13,69.65,0.22,5.38
"2025-02-06T03:00:00+00:00",7.77,3.18,23.42,5.53,0.96,265.36,4.42,24.14,70.41,0.21,4.84
"2025-02-06T04:00:00+00:00",7.78,3.2,25.43,6.04,0.97,270.8,4.29,24.14,71.74,0.2,4.59
"2025-02-06T06:00:00+00:00",7.79,3.22,28.58,6.79,0.99,281.69,4.02,24.13,73.63,0.19,4.07
"2025-02-06T07:00:00+00:00",7.79,3.44,29.68,6.87,1.0,301.25,3.96,24.13,74.86,0.18,3.71
"2025-02-06T09:00:00+00:00",7.82,3.87,31.89,8.94,1.02,340.37,3.85,24.13,76.4,0.16,3.65
"2025-02-06T10:00:00+00:00",7.85,4.57,36.25,9.29,1.07,6.23,3.84,24.13,77.72,0.16,4.39
"2025-02-06T12:00:00+00:00",7.89,5.96,44.97,11.96,1.14,65.73,3.83,24.13,79.14,0.15,6.94
"2025-02-06T13:00:00+00:00",7.91,6.15,45.91,11.7,1.22,66.11,3.87,24.13,80.36,0.14,7.76
"2025-02-06T15:00:00+00:00",7.85,6.54,47.78,12.55,1.38,66.88,3.94,24.13,79.01,0.13,7.78
"2025-02-06T16:00:00+00:00",7.85,6.39,46.48,10.94,1.46,65.42,4.03,24.13,80.2,0.12,7.08
"2025-02-06T18:00:00+00:00",7.85,6.1,43.88,10.61,1.62,62.51,4.2,24.13,83.56,0.13,5.51
"2025-02-06T19:00:00+00:00",7.85,6.37,46.18,10.81,1.69,64.3,4.27,24.13,81.93,0.14,4.88
"2025-02-06T21:00:00+00:00",7.84,6.9,50.79,10.75,1.83,67.87,4.42,24.13,77.65,0.14,4.44
"2025-02-06T22:00:00+00:00",7.83,6.92,54.27,10.71,1.85,68.85,4.45,24.13,76.35,0.14,4.36
"2025-02-07T01:00:00+00:00",7.81,7.05,60.26,13.33,1.86,70.51,4.52,24.14,72.95,0.13,4.26
"2025-02-07T02:00:00+00:00",7.8,7.15,59.29,13.87,1.84,70.21,4.51,24.14,72.05,0.13,4.2
"2025-02-07T03:00:00+00:00",7.79,7.24,58.33,13.86,1.82,69.9,4.51,24.14,73.11,0.13,3.93
"2025-02-07T04:00:00+00:00",7.78,7.46,58.23,12.79,1.88,69.8,4.54,24.14,74.33,0.14,3.86
"2025-02-07T06:00:00+00:00",7.77,7.89,58.04,13.7,1.99,69.6,4.59,24.14,78.12,0.17,3.77
"2025-02-07T07:00:00+00:00",7.76,7.86,58.74,13.56,1.99,70.5,4.61,24.14,77.97,0.18,3.82
"2025-02-07T09:00:00+00:00",7.74,8.1,67.04,15.26,1.99,72.29,4.66,21.53,76.61,0.2,4.22
"2025-02-07T10:00:00+00:00",7.73,7.97,69.11,16.62,1.97,73.27,4.65,14.58,76.18,0.21,4.56
"2025-02-07T12:00:00+00:00",7.71,7.72,73.24,15.3,2.11,75.15,4.86,0.67,73.07,0.21,4.55
"2025-02-07T13:00:00+00:00",7.7,7.64,72.57,16.44,2.05,75.76,4.83,2.19,73.29,0.2,4.44
"2025-02-07T15:00:00+00:00",7.7,7.48,71.22,16.37,1.94,76.99,4.77,5.24,74.5,0.21,4.55
"2025-02-07T16:00:00+00:00",7.69,7.03,72.02,14.63,1.91,78.93,4.71,11.26,74.54,0.21,4.4
"2025-02-07T18:00:00+00:00",7.67,6.13,73.61,12.19,1.86,82.8,4.59,23.3,75.83,0.21,3.82
"2025-02-07T19:00:00+00:00",7.66,5.92,75.76,12.05,1.78,84.39,4.53,15.55,75.85,0.21,3.77
"2025-02-07T21:00:00+00:00",7.65,5.49,80.05,10.32,1.63,87.58,4.4,0.04,76.09,0.2,4.19
"2025-02-07T22:00:00+00:00",7.65,5.58,78.72,9.81,1.55,85.8,4.3,0.35,75.44,0.19,4.44
"2025-02-08T01:00:00+00:00",7.64,5.82,72.91,11.35,1.33,82.3,4.01,8.69,74.16,0.15,4.39
"2025-02-08T02:00:00+00:00",7.64,5.88,69.75,11.37,1.25,82.36,3.94,16.41,75.32,0.14,4.3
"2025-02-08T03:00:00+00:00",7.63,5.94,66.6,10.95,1.18,82.42,3.86,24.14,75.57,0.14,4.31
"2025-02-08T04:00:00+00:00",7.63,5.62,69.73,10.57,1.13,85.89,3.81,24.14,76.96,0.13,4.35
"2025-02-08T06:00:00+00:00",7.64,4.97,71.63,10.05,1.04,92.82,3.72,24.13,78.52,0.14,4.58
"2025-02-08T07:00:00+00:00",7.64,4.53,78.86,9.88,1.0,95.83,3.63,24.13,77.67,0.14,4.66
"2025-02-08T09:00:00+00:00",7.65,3.66,93.31,8.49,0.92,101.84,3.45,24.13,77.55,0.14,4.88
"2025-02-08T10:00:00+00:00",7.66,3.37,105.5,7.25,0.88,104.4,3.42,24.13,75.45,0.13,5.54
"2025-02-08T12:00:00+00:00",7.68,2.79,129.87,11.81,0.77,107.46,3.13,24.13,73.36,0.12,7.16
"2025-02-08T13:00:00+00:00",7.69,3.41,143.98,10.05,0.75,120.1,3.14,24.13,73.94,0.11,6.81
"2025-02-08T15:00:00+00:00",7.7,4.66,172.19,8.35,0.71,145.38,3.17,24.13,84.65,0.01,6.01
"2025-02-08T16:00:00+00:00",7.69,3.84,147.1,7.16,0.68,151.72,3.19,24.13,218.84,0.01,5.94
"2025-02-08T18:00:00+00:00",7.67,2.19,96.93,4.64,0.62,164.39,3.22,24.13,216.52,0.02,5.56
"2025-02-08T19:00:00+00:00",7.66,2.25,89.3,4.33,0.6,165.87,3.14,24.14,195.04,0.02,5.42
"2025-02-08T21:00:00+00:00",7.65,2.36,74.04,4.61,0.55,168.82,2.97,24.14,124.78,0.02,5.12
"2025-02-08T22:00:00+00:00",7.64,2.79,65.85,5.3,0.57,157.83,2.91,24.14,111.01,0.03,4.82
"2025-02-09T01:00:00+00:00",7.63,4.22,59.93,6.07,0.62,127.69,2.85,17.49,77.91,0.02,3.84
"2025-02-09T02:00:00+00:00",7.64,4.77,70.4,6.61,0.64,119.52,2.9,10.84,90.86,0.03,4.0
"2025-02-09T03:00:00+00:00",7.65,5.33,80.87,8.0,0.65,111.35,2.95,4.2,92.31,0.04,4.09
"2025-02-09T04:00:00+00:00",7.66,5.09,83.13,7.98,0.68,106.37,2.98,10.84,88.4,0.05,3.97
"2025-02-09T06:00:00+00:00",7.67,4.53,40.83,8.05,0.75,96.42,3.04,24.13,82.71,0.07,3.82
"2025-02-09T07:00:00+00:00",7.67,4.61,46.11,9.81,0.79,93.33,3.11,16.26,82.43,0.09,3.8
"2025-02-09T09:00:00+00:00",7.68,4.78,56.68,12.53,0.88,87.16,3.24,0.52,77.1,0.12,4.25
"2025-02-09T10:00:00+00:00",7.68,4.71,55.54,12.3,0.85,86.45,3.23,0.61,74.81,0.13,5.2
"2025-02-09T12:00:00+00:00",7.7,4.58,53.26,11.76,0.64,83.73,3.01,0.79,72.88,0.13,6.12
"2025-02-09T13:00:00+00:00",7.71,4.42,54.65,10.95,0.65,82.12,3.0,8.57,71.65,0.13,6.12
"2025-02-09T15:00:00+00:00",7.68,4.11,57.44,10.22,0.66,78.89,2.99,24.13,70.05,0.13,6.16
"2025-02-09T16:00:00+00:00",7.68,4.47,57.28,10.53,0.68,77.19,3.01,24.14,72.66,0.12,6.26
"2025-02-09T18:00:00+00:00",7.68,5.19,56.97,11.25,0.72,73.79,3.06,24.14,76.2,0.14,4.93
"2025-02-09T19:00:00+00:00",7.68,5.25,57.32,10.41,0.78,72.13,3.13,24.13,75.96,0.15,4.89
"2025-02-09T21:00:00+00:00",7.67,5.36,58.01,7.36,0.9,68.81,3.26,24.13,72.27,0.15,4.93
"2025-02-09T22:00:00+00:00",7.67,4.98,52.4,6.84,0.9,69.96,3.29,24.13,71.23,0.14,4.89
"2025-02-10T01:00:00+00:00",7.67,4.58,43.93,9.52,0.94,72.87,3.38,24.13,72.98,0.13,4.9
"2025-02-10T02:00:00+00:00",7.66,4.94,46.69,10.78,0.98,73.49,3.42,24.13,73.88,0.12,4.84
"2025-02-10T03:00:00+00:00",7.66,5.31,49.45,11.37,1.03,74.1,3.45,24.13,74.35,0.12,4.76
"2025-02-10T04:00:00+00:00",7.66,5.32,51.19,11.29,1.06,73.09,3.49,24.13,75.31,0.12,4.75
"2025-02-10T06:00:00+00:00",7.66,5.35,54.68,12.14,1.11,71.08,3.58,24.14,76.67,0.12,4.46
"2025-02-10T07:00:00+00:00",7.66,5.3,55.34,11.89,1.08,71.04,3.56,24.14,76.6,0.13,4.28
"2025-02-10T09:00:00+00:00",7.66,5.76,58.86,12.67,1.03,70.95,3.53,24.14,75.36,0.14,4.44
"2025-02-10T10:00:00+00:00",7.66,6.11,57.01,12.5,1.09,67.92,3.57,21.16,74.0,0.15,4.59
"2025-02-10T12:00:00+00:00",7.68,6.81,53.3,12.61,1.16,56.66,3.61,15.22,72.29,0.14,4.94
"2025-02-10T13:00:00+00:00",7.68,6.54,51.2,13.21,1.16,55.65,3.64,10.18,73.16,0.13,4.82
"2025-02-10T15:00:00+00:00",7.65,6.0,47.01,12.47,1.15,53.62,3.71,0.11,73.44,0.12,4.65
"2025-02-10T16:00:00+00:00",7.65,5.77,41.47,11.17,1.14,52.38,3.7,0.08,74.64,0.11,4.39
"2025-02-10T18:00:00+00:00",7.64,5.31,30.4,10.29,1.13,49.91,3.67,0.03,75.53,0.11,3.38
"2025-02-10T19:00:00+00:00",7.64,5.39,21.85,10.05,1.1,48.44,3.65,0.03,74.05,0.1,3.0
"2025-02-10T21:00:00+00:00",7.62,5.54,4.74,9.18,1.03,45.49,3.6,0.03,70.82,0.09,2.81
"2025-02-10T22:00:00+00:00",7.62,5.39,358.18,8.59,0.98,42.32,3.53,0.03,69.51,0.09,2.85
"2025-02-11T01:00:00+00:00",7.6,4.74,338.22,7.84,0.82,34.04,3.36,0.05,56.13,0.04,2.95
"2025-02-11T02:00:00+00:00",7.6,4.41,331.38,7.4,0.76,32.1,3.31,0.06,49.25,0.02,2.87
"2025-02-11T03:00:00+00:00",7.6,4.07,324.55,7.24,0.7,30.15,3.27,0.08,37.9,0.0,2.8
"2025-02-11T04:00:00+00:00",7.6,3.78,319.43,7.22,0.65,29.26,3.24,0.07,230.84,0.0,2.74
"2025-02-11T06:00:00+00:00",7.6,2.32,335.11,5.56,0.55,27.48,3.18,24.13,233.86,0.0,2.61
"2025-02-11T07:00:00+00:00",7.59,2.28,319.89,5.53,0.52,26.19,3.15,17.58,348.98,0.0,2.45
"2025-02-11T09:00:00+00:00",7.59,2.21,289.45,5.64,0.45,23.61,3.1,4.47,336.58,0.02,2.58
"2025-02-11T10:00:00+00:00",7.59,2.4,293.4,5.64,0.43,21.48,3.14,4.37,334.84,0.03,3.01
"2025-02-11T12:00:00+00:00",7.59,2.78,301.29,5.09,0.35,30.15,3.93,4.17,320.94,0.04,4.29
"2025-02-11T13:00:00+00:00",7.6,2.45,301.23,5.0,0.34,28.14,4.19,2.91,310.89,0.05,4.74
"2025-02-11T15:00:00+00:00",7.58,1.78,301.12,3.96,0.31,24.11,4.72,0.38,292.02,0.09,5.59
"2025-02-11T16:00:00+00:00",7.55,1.53,295.88,3.37,0.3,19.03,5.01,8.3,289.12,0.09,5.62
"2025-02-11T18:00:00+00:00",7.49,1.02,285.4,3.0,0.29,8.87,5.59,24.14,290.56,0.08,5.06
"2025-02-11T19:00:00+00:00",7.48,1.22,299.33,2.9,0.28,0.25,5.83,24.14,292.65,0.07,4.93
"2025-02-11T21:00:00+00:00",7.46,1.63,327.19,3.43,0.27,343.01,6.31,24.14,283.11,0.04,4.67
"2025-02-11T22:00:00+00:00",7.45,1.63,330.06,3.45,0.27,333.48,6.48,24.13,276.23,0.04,4.51
"2025-02-12T01:00:00+00:00",7.41,1.63,340.96,3.93,0.27,307.63,6.76,24.13,262.35,0.07,4.03
"2025-02-12T02:00:00+00:00",7.42,1.63,346.12,3.98,0.26,300.82,6.7,24.14,262.43,0.08,3.74
"2025-02-12T03:00:00+00:00",7.43,1.64,351.28,3.94,0.26,294.02,6.64,24.14,261.07,0.08,3.48
"2025-02-12T04:00:00+00:00",7.44,1.8,359.98,4.14,0.26,290.12,6.34,24.14,259.7,0.08,3.2
"2025-02-12T06:00:00+00:00",7.44,2.11,17.37,5.02,0.25,282.33,5.73,24.14,260.2,0.07,3.21
"2025-02-12T07:00:00+00:00",7.45,2.08,15.89,5.71,0.26,281.98,4.7,24.14,261.99,0.05,3.2
"2025-02-12T09:00:00+00:00",7.47,2.49,23.2,5.8,0.27,281.29,2.63,24.13,267.3,0.03,3.21
"2025-02-12T10:00:00+00:00",7.49,2.68,21.41,6.76,0.28,290.51,2.6,24.13,274.14,0.02,3.83
"2025-02-12T12:00:00+00:00",7.55,3.05,17.84,6.76,0.35,337.69,2.81,24.14,256.4,0.02,5.2
"2025-02-12T13:00:00+00:00",7.57,3.18,16.13,6.88,0.34,326.7,2.96,24.14,240.83,0.02,5.62
"2025-02-12T15:00:00+00:00",7.6,3.44,12.72,5.54,0.33,304.72,3.25,24.14,234.65,0.03,5.93
"2025-02-12T16:00:00+00:00",7.61,3.2,13.3,3.91,0.33,301.61,3.14,24.14,221.95,0.03,6.07
"2025-02-12T18:00:00+00:00",7.61,2.72,14.46,4.62,0.34,295.4,2.91,24.13,166.46,0.02,5.54
"2025-02-12T19:00:00+00:00",7.6,2.67,13.69,4.12,0.35,303.58,2.91,24.13,143.94,0.02,5.31
"2025-02-12T21:00:00+00:00",7.6,2.58,12.14,4.79,0.38,319.94,2.91,24.14,93.88,0.02,5.01
"2025-02-12T22:00:00+00:00",7.59,2.64,10.23,5.62,0.38,319.31,2.93,24.14,81.07,0.03,4.66
"2025-02-13T01:00:00+00:00",7.6,2.84,6.72,6.08,0.43,340.45,2.9,24.14,53.42,0.03,3.84
"2025-02-13T02:00:00+00:00",7.61,2.92,7.02,6.95,0.46,2.84,2.84,24.13,56.37,0.03,3.51
